﻿<?xml version="1.0" encoding="utf-8"?>
<deployment>
  <id>87a6748f79f9432ca160fcf2d3a2c729</id>
  <author>N/A</author>
  <deployer>ZipDeploy</deployer>
  <authorEmail>N/A</authorEmail>
  <message>Created via a push deployment</message>
  <progress></progress>
  <status>Success</status>
  <statusText></statusText>
  <lastSuccessEndTime>2025-09-24T19:37:49.6221957Z</lastSuccessEndTime>
  <receivedTime>2025-09-24T19:37:47.4345463Z</receivedTime>
  <startTime>2025-09-24T19:37:48.1689318Z</startTime>
  <endTime>2025-09-24T19:37:49.6221957Z</endTime>
  <complete>True</complete>
  <is_temp>False</is_temp>
  <is_readonly>True</is_readonly>
  <project_type>Run-From-Zip</project_type>
  <vsproject_id></vsproject_id>
</deployment>