﻿<?xml version="1.0" encoding="utf-8"?>
<deployment>
  <id>56288ddee1a946fbb01dc47f315c8a73</id>
  <author>ms-azuretools-vscode</author>
  <deployer>ms-azuretools-vscode</deployer>
  <authorEmail>N/A</authorEmail>
  <message>Created via a push deployment</message>
  <progress></progress>
  <status>Success</status>
  <statusText></statusText>
  <lastSuccessEndTime>2025-09-25T02:26:17.0876337Z</lastSuccessEndTime>
  <receivedTime>2025-09-25T02:26:14.8833044Z</receivedTime>
  <startTime>2025-09-25T02:26:15.6493626Z</startTime>
  <endTime>2025-09-25T02:26:17.0876337Z</endTime>
  <complete>True</complete>
  <is_temp>False</is_temp>
  <is_readonly>True</is_readonly>
  <project_type>Run-From-Zip</project_type>
  <vsproject_id></vsproject_id>
</deployment>