﻿<?xml version="1.0" encoding="utf-8"?>
<deployment>
  <id>5bb8e8ee66ab4f5f933b174f7994316e</id>
  <author>N/A</author>
  <deployer>ZipDeploy</deployer>
  <authorEmail>N/A</authorEmail>
  <message>Created via a push deployment</message>
  <progress></progress>
  <status>Success</status>
  <statusText></statusText>
  <lastSuccessEndTime>2025-09-24T19:40:52.8562165Z</lastSuccessEndTime>
  <receivedTime>2025-09-24T19:40:50.5749514Z</receivedTime>
  <startTime>2025-09-24T19:40:51.3562077Z</startTime>
  <endTime>2025-09-24T19:40:52.8562165Z</endTime>
  <complete>True</complete>
  <is_temp>False</is_temp>
  <is_readonly>True</is_readonly>
  <project_type>Run-From-Zip</project_type>
  <vsproject_id></vsproject_id>
</deployment>