﻿<?xml version="1.0" encoding="utf-8"?>
<deployment>
  <id>1d99125b254a427ea191cbf9fde4f730</id>
  <author>ms-azuretools-vscode</author>
  <deployer>ms-azuretools-vscode</deployer>
  <authorEmail>N/A</authorEmail>
  <message>Created via a push deployment</message>
  <progress></progress>
  <status>Success</status>
  <statusText></statusText>
  <lastSuccessEndTime>2025-09-25T02:44:20.1868666Z</lastSuccessEndTime>
  <receivedTime>2025-09-25T02:44:17.3118983Z</receivedTime>
  <startTime>2025-09-25T02:44:18.390008Z</startTime>
  <endTime>2025-09-25T02:44:20.1868666Z</endTime>
  <complete>True</complete>
  <is_temp>False</is_temp>
  <is_readonly>True</is_readonly>
  <project_type>Run-From-Zip</project_type>
  <vsproject_id></vsproject_id>
</deployment>