<step title="Incoming Request" date="2025-09-25T02:20:45.878" instance="5b5a53" url="/api/zipdeploy?author=ms-azuretools-vscode&amp;deployer=ms-azuretools-vscode&amp;isAsync=true&amp;trackDeploymentId=true" method="POST" type="request" pid="7948,2,8" Transfer-Encoding="chunked" Accept-Encoding="gzip,deflate" Accept-Language="en" Authorization="Bea..." Host="podcast-gen-api.scm.azurewebsites.net" User-Agent="vscode-azurefunctions/1.19.0 core-rest-pipeline/1.19.1 Node/20.19.1 OS/(arm64-Darwin-24.6.0)" x-ms-correlation-request-id="43d935d0-e8f7-43ef-9538-37fa232ccbaa" x-ms-client-request-id="e34fb6d3-8015-4eca-9260-62f79fe6792c" X-ARR-LOG-ID="e34fb6d3-8015-4eca-9260-62f79fe6792c" CLIENT-IP="24.2.124.100:59519" X-SITE-DEPLOYMENT-ID="podcast-gen-api" WAS-DEFAULT-HOSTNAME="podcast-gen-api.scm.azurewebsites.net" X-Forwarded-Proto="https" X-AppService-Proto="https" X-Forwarded-TlsVersion="1.3" X-WAWS-Unencoded-URL="/api/zipdeploy?author=ms-azuretools-vscode&amp;deployer=ms-azuretools-vscode&amp;isAsync=true&amp;trackDeploymentId=true" >
  <step title="ZipPushDeploy" date="2025-09-25T02:20:46.190" >
    <step title="Functions App ZipDeploy. Run from package." date="2025-09-25T02:20:46.268" /><!-- duration: 31ms -->
    <step title="Starting PushDeployAsync" date="2025-09-25T02:20:46.331" /><!-- duration: 16ms -->
    <step title="Updating shutdown sentinel last write time" date="2025-09-25T02:20:46.440" SemaphoreCount="7" /><!-- duration: 16ms -->
    <step title="LockFile &apos;C:\home\site\locks\deployments.lock&apos; acquired" date="2025-09-25T02:20:46.487" /><!-- duration: 31ms -->
    <step title="Deleting outdated zip file C:\home\data\SitePackages\20250925014014.zip" date="2025-09-25T02:20:46.565" /><!-- duration: 63ms -->
    <step title="Saving request content to C:\home\data\SitePackages\20250925022046.zip" date="2025-09-25T02:20:46.659" >
      <step title="Total 72,275,638 bytes written to C:\home\data\SitePackages\20250925022046.zip" date="2025-09-25T02:20:56.912" /><!-- duration: 31ms -->
    </step><!-- duration: 12426ms -->
    <step title="LockFile &apos;C:\home\site\locks\deployments.lock&apos; released" date="2025-09-25T02:20:59.116" /><!-- duration: 16ms -->
    <step title="Deleting shutdown sentinel file" date="2025-09-25T02:20:59.179" SemaphoreCount="8" /><!-- duration: 16ms -->
    <step title="Starting FetchDeploy" date="2025-09-25T02:20:59.225" /><!-- duration: 16ms -->
    <step title="Start deployment in the background" date="2025-09-25T02:20:59.272" /><!-- duration: 437ms -->
  </step><!-- duration: 13551ms -->
  <step title="Outgoing response" date="2025-09-25T02:20:59.804" type="response" statusCode="202" statusText="Accepted" Server="Microsoft-IIS/10.0" x-ms-request-id="e34fb6d3-8015-4eca-9260-62f79fe6792c" Retry-After="30" Cache-Control="private" X-AspNet-Version="4.0.30319" Location="https://podcast-gen-api.scm.azurewebsites.net/api/deployments/latest?deployer=ms-azuretools-vscode&amp;time=2025-09-25_02-20-59Z" /><!-- duration: 16ms -->
</step><!-- duration: 13957ms -->
