<step title="Incoming Request" date="2025-09-25T02:25:58.894" instance="5b5a53" url="/api/zipdeploy?author=ms-azuretools-vscode&amp;deployer=ms-azuretools-vscode&amp;isAsync=true&amp;trackDeploymentId=true" method="POST" type="request" pid="6252,2,8" Transfer-Encoding="chunked" Accept-Encoding="gzip,deflate" Accept-Language="en" Authorization="Bea..." Host="podcast-gen-api.scm.azurewebsites.net" User-Agent="vscode-azurefunctions/1.19.0 core-rest-pipeline/1.19.1 Node/20.19.1 OS/(arm64-Darwin-24.6.0)" x-ms-correlation-request-id="028e8322-6406-41f3-8252-8ee6f8510b82" x-ms-client-request-id="bebd1251-6ae3-455f-9b48-3367912cbe73" X-ARR-LOG-ID="bebd1251-6ae3-455f-9b48-3367912cbe73" CLIENT-IP="24.2.124.100:59697" X-SITE-DEPLOYMENT-ID="podcast-gen-api" WAS-DEFAULT-HOSTNAME="podcast-gen-api.scm.azurewebsites.net" X-Forwarded-Proto="https" X-AppService-Proto="https" X-Forwarded-TlsVersion="1.3" X-WAWS-Unencoded-URL="/api/zipdeploy?author=ms-azuretools-vscode&amp;deployer=ms-azuretools-vscode&amp;isAsync=true&amp;trackDeploymentId=true" >
  <step title="ZipPushDeploy" date="2025-09-25T02:25:59.175" >
    <step title="Functions App ZipDeploy. Run from package." date="2025-09-25T02:25:59.238" /><!-- duration: 16ms -->
    <step title="Starting PushDeployAsync" date="2025-09-25T02:25:59.285" /><!-- duration: 16ms -->
    <step title="Updating shutdown sentinel last write time" date="2025-09-25T02:25:59.347" SemaphoreCount="7" /><!-- duration: 31ms -->
    <step title="LockFile &apos;C:\home\site\locks\deployments.lock&apos; acquired" date="2025-09-25T02:25:59.410" /><!-- duration: 16ms -->
    <step title="Deleting outdated zip file C:\home\data\SitePackages\20250925014035.zip" date="2025-09-25T02:25:59.472" /><!-- duration: 31ms -->
    <step title="Saving request content to C:\home\data\SitePackages\20250925022559.zip" date="2025-09-25T02:25:59.535" >
      <step title="Total 72,275,724 bytes written to C:\home\data\SitePackages\20250925022559.zip" date="2025-09-25T02:26:08.928" /><!-- duration: 47ms -->
    </step><!-- duration: 10269ms -->
    <step title="LockFile &apos;C:\home\site\locks\deployments.lock&apos; released" date="2025-09-25T02:26:09.835" /><!-- duration: 31ms -->
    <step title="Deleting shutdown sentinel file" date="2025-09-25T02:26:09.945" SemaphoreCount="8" /><!-- duration: 16ms -->
    <step title="Starting FetchDeploy" date="2025-09-25T02:26:09.976" /><!-- duration: 16ms -->
    <step title="Start deployment in the background" date="2025-09-25T02:26:10.023" /><!-- duration: 422ms -->
  </step><!-- duration: 11332ms -->
  <step title="Outgoing response" date="2025-09-25T02:26:10.524" type="response" statusCode="202" statusText="Accepted" Server="Microsoft-IIS/10.0" x-ms-request-id="bebd1251-6ae3-455f-9b48-3367912cbe73" Retry-After="30" Cache-Control="private" X-AspNet-Version="4.0.30319" Location="https://podcast-gen-api.scm.azurewebsites.net/api/deployments/latest?deployer=ms-azuretools-vscode&amp;time=2025-09-25_02-26-10Z" /><!-- duration: 31ms -->
</step><!-- duration: 11676ms -->
