<step title="Incoming Request" date="2025-09-25T02:43:59.914" instance="452b9d" url="/api/zipdeploy?author=ms-azuretools-vscode&amp;deployer=ms-azuretools-vscode&amp;isAsync=true&amp;trackDeploymentId=true" method="POST" type="request" pid="5736,2,7" Connection="Keep-Alive" Transfer-Encoding="chunked" Accept-Encoding="gzip,deflate" Accept-Language="en" Authorization="Bea..." Host="podcast-gen-api.scm.azurewebsites.net" User-Agent="vscode-azurefunctions/1.19.0 core-rest-pipeline/1.19.1 Node/20.19.1 OS/(arm64-Darwin-24.6.0)" x-ms-correlation-request-id="9d99fc53-8560-4ebd-b5ac-ad07d3d254d7" x-ms-client-request-id="168aa407-d4e8-4156-a181-8be7ffd5abd0" X-ARR-LOG-ID="168aa407-d4e8-4156-a181-8be7ffd5abd0" CLIENT-IP="24.2.124.100:60133" X-SITE-DEPLOYMENT-ID="podcast-gen-api" WAS-DEFAULT-HOSTNAME="podcast-gen-api.scm.azurewebsites.net" X-Forwarded-Proto="https" X-AppService-Proto="https" X-Forwarded-TlsVersion="1.3" X-WAWS-Unencoded-URL="/api/zipdeploy?author=ms-azuretools-vscode&amp;deployer=ms-azuretools-vscode&amp;isAsync=true&amp;trackDeploymentId=true" X-MS-COLDSTART="1" >
  <step title="ZipPushDeploy" date="2025-09-25T02:44:00.929" >
    <step title="Functions App ZipDeploy. Run from package." date="2025-09-25T02:44:00.961" /><!-- duration: 16ms -->
    <step title="Starting PushDeployAsync" date="2025-09-25T02:44:01.007" /><!-- duration: 31ms -->
    <step title="Updating shutdown sentinel last write time" date="2025-09-25T02:44:01.195" SemaphoreCount="7" /><!-- duration: 16ms -->
    <step title="LockFile &apos;C:\home\site\locks\deployments.lock&apos; acquired" date="2025-09-25T02:44:01.226" /><!-- duration: 31ms -->
    <step title="Deleting outdated zip file C:\home\data\SitePackages\20250925021900.zip" date="2025-09-25T02:44:01.304" /><!-- duration: 47ms -->
    <step title="Saving request content to C:\home\data\SitePackages\20250925024400.zip" date="2025-09-25T02:44:01.367" >
      <step title="Total 72,263,294 bytes written to C:\home\data\SitePackages\20250925024400.zip" date="2025-09-25T02:44:11.417" /><!-- duration: 31ms -->
    </step><!-- duration: 10601ms -->
    <step title="LockFile &apos;C:\home\site\locks\deployments.lock&apos; released" date="2025-09-25T02:44:11.999" /><!-- duration: 31ms -->
    <step title="Deleting shutdown sentinel file" date="2025-09-25T02:44:12.077" SemaphoreCount="8" /><!-- duration: 31ms -->
    <step title="Starting FetchDeploy" date="2025-09-25T02:44:12.140" /><!-- duration: 16ms -->
    <step title="Start deployment in the background" date="2025-09-25T02:44:12.186" /><!-- duration: 516ms -->
  </step><!-- duration: 11788ms -->
  <step title="Outgoing response" date="2025-09-25T02:44:12.796" type="response" statusCode="202" statusText="Accepted" Server="Microsoft-IIS/10.0" x-ms-request-id="168aa407-d4e8-4156-a181-8be7ffd5abd0" Retry-After="30" Cache-Control="private" X-AspNet-Version="4.0.30319" Location="https://podcast-gen-api.scm.azurewebsites.net/api/deployments/latest?deployer=ms-azuretools-vscode&amp;time=2025-09-25_02-44-12Z" /><!-- duration: 31ms -->
</step><!-- duration: 12945ms -->
