<step title="BackgroundTrace" date="2025-09-25T01:40:46.346" instance="5b5a53" url="/api/zipdeploy" method="POST" >
  <step title="Cleanup Xml Logs" date="2025-09-25T01:40:46.362" /><!-- duration: 47ms -->
  <step title="Updating shutdown sentinel last write time" date="2025-09-25T01:40:46.471" SemaphoreCount="6" /><!-- duration: 16ms -->
  <step title="LockFile &apos;C:\home\site\locks\deployments.lock&apos; acquired" date="2025-09-25T01:40:46.518" /><!-- duration: 16ms -->
  <step title="Creating temporary deployment" date="2025-09-25T01:40:46.565" /><!-- duration: 125ms -->
  <step title="Performing fetch based deployment" date="2025-09-25T01:40:46.706" >
    <step title="Fetching changes." date="2025-09-25T01:40:46.878" /><!-- duration: 31ms -->
    <step title="Starting LocalZipHandler" date="2025-09-25T01:40:46.925" /><!-- duration: 31ms -->
    <step title="Starting ExtractTriggers" date="2025-09-25T01:40:46.971" /><!-- duration: 16ms -->
    <step title="Before sending BuildRequestReceived status to /api/updatedeploystatus" date="2025-09-25T01:40:50.971" /><!-- duration: 31ms -->
    <step title="DeploymentManager.Deploy(id:e96283d8497240da87b5c32fcf2c7aea)" date="2025-09-25T01:40:51.034" >
      <step title="Collecting changeset information" date="2025-09-25T01:40:51.085" /><!-- duration: 167ms -->
      <step title="Updating submodules" date="2025-09-25T01:40:51.284" >
        <step title="Updating submodules." date="2025-09-25T01:40:51.518" /><!-- duration: 31ms -->
      </step><!-- duration: 281ms -->
      <step title="Preparing deployment for commit id &apos;e96283d849&apos;." date="2025-09-25T01:40:51.753" /><!-- duration: 31ms -->
      <step title="Determining deployment builder" date="2025-09-25T01:40:52.003" >
        <step title="Builder is RunFromZipSiteBuilder" date="2025-09-25T01:40:52.034" /><!-- duration: 16ms -->
      </step><!-- duration: 80ms -->
      <step title="Copying SSH keys" date="2025-09-25T01:40:52.669" /><!-- duration: 47ms -->
      <step title="Building" date="2025-09-25T01:40:52.732" >
        <step title="Skipping build. Project type: Run-From-Zip" date="2025-09-25T01:40:52.951" /><!-- duration: 15ms -->
        <step title="Skipping post build. Project type: Run-From-Zip" date="2025-09-25T01:40:53.185" /><!-- duration: 31ms -->
        <step title="Triggering recycle (preview mode disabled)." date="2025-09-25T01:40:53.466" /><!-- duration: 16ms -->
        <step title="Ignoring FS watcher based recycle request as this is a classic Windows app." date="2025-09-25T01:40:53.513" /><!-- duration: 16ms -->
        <step title="Deployment successful. DEPLOYMENTINFO: deploymentPath = Functions App ZipDeploy. Run from package., deployer = ms-azuretools-vscode, os = windows, sku = Dynamic, language = node, siteName = podcast-gen-api, slotName = Production, siteHostName = podcast-gen-api.azurewebsites.net, deploymentStatus = Success" date="2025-09-25T01:40:53.732" /><!-- duration: 16ms -->
        <step title="Purge deployment items" date="2025-09-25T01:40:54.185" >
          <step title="Remove 96191ef10, Success, received at 9/24/2025 4:48:29 PM" date="2025-09-25T01:40:54.450" /><!-- duration: 31ms -->
        </step><!-- duration: 312ms -->
      </step><!-- duration: 1859ms -->
    </step><!-- duration: 3588ms -->
    <step title="Cleaning up temp files" date="2025-09-25T01:40:54.638" /><!-- duration: 16ms -->
    <step title="Updating C:\home\data\SitePackages\packagename.txt with deployment 20250925014035.zip" date="2025-09-25T01:40:54.685" /><!-- duration: 63ms -->
    <step title="Begin HttpPost https://podcast-gen-api.scm.azurewebsites.net/operations/settriggers, x-ms-request-id: 247e0f61-3d46-414b-88dc-8574bdbe786b" date="2025-09-25T01:40:54.778" /><!-- duration: 16ms -->
    <step title="End HttpPost, status: OK" date="2025-09-25T01:40:54.872" /><!-- duration: 16ms -->
    <step title="Scheduling background sync triggers after delay" date="2025-09-25T01:40:54.903" /><!-- duration: 31ms -->
  </step><!-- duration: 8448ms -->
  <step title="LockFile &apos;C:\home\site\locks\deployments.lock&apos; released" date="2025-09-25T01:40:55.185" /><!-- duration: 94ms -->
</step><!-- duration: 8979ms -->
