<step title="Incoming Request" date="2025-09-24T12:31:54.594" instance="c2ea73" url="/api/zipdeploy" method="POST" type="request" pid="2868,2,7" Content-Length="58640897" Content-Type="application/zip" Authorization="Bea..." Host="podcast-gen-api.scm.azurewebsites.net" If-Match="*" User-Agent="functions-core-tools/4.2.2" X-ARR-LOG-ID="54e0ca2e-cc7b-4995-a661-b2362c0f2671" CLIENT-IP="24.2.124.100:50522" X-SITE-DEPLOYMENT-ID="podcast-gen-api" WAS-DEFAULT-HOSTNAME="podcast-gen-api.scm.azurewebsites.net" X-Forwarded-Proto="https" X-AppService-Proto="https" X-Forwarded-TlsVersion="1.2" X-WAWS-Unencoded-URL="/api/zipdeploy" >
  <step title="Cleanup Xml Logs" date="2025-09-24T12:31:54.626" /><!-- duration: 31ms -->
  <step title="ZipPushDeploy" date="2025-09-24T12:31:54.735" >
    <step title="Functions App ZipDeploy. Run from package." date="2025-09-24T12:31:54.782" /><!-- duration: 31ms -->
    <step title="Starting PushDeployAsync" date="2025-09-24T12:31:54.829" /><!-- duration: 31ms -->
    <step title="Updating shutdown sentinel last write time" date="2025-09-24T12:31:55.032" SemaphoreCount="7" /><!-- duration: 16ms -->
    <step title="LockFile &apos;C:\home\site\locks\deployments.lock&apos; acquired" date="2025-09-24T12:31:55.079" /><!-- duration: 16ms -->
    <step title="Deleting outdated zip file C:\home\data\SitePackages\20250920223916.zip" date="2025-09-24T12:31:55.157" /><!-- duration: 47ms -->
    <step title="Saving request content to C:\home\data\SitePackages\20250924123154.zip" date="2025-09-24T12:31:55.219" >
      <step title="Total 58,640,897 bytes written to C:\home\data\SitePackages\20250924123154.zip" date="2025-09-24T12:31:57.954" /><!-- duration: 125ms -->
    </step><!-- duration: 4969ms -->
    <step title="LockFile &apos;C:\home\site\locks\deployments.lock&apos; released" date="2025-09-24T12:32:00.235" /><!-- duration: 16ms -->
    <step title="Deleting shutdown sentinel file" date="2025-09-24T12:32:00.313" SemaphoreCount="8" /><!-- duration: 16ms -->
    <step title="Starting FetchDeploy" date="2025-09-24T12:32:00.360" /><!-- duration: 31ms -->
    <step title="Attempting to fetch target branch HEAD" date="2025-09-24T12:32:00.423" /><!-- duration: 31ms -->
    <step title="Updating shutdown sentinel last write time" date="2025-09-24T12:32:00.501" SemaphoreCount="7" /><!-- duration: 47ms -->
    <step title="LockFile &apos;C:\home\site\locks\deployments.lock&apos; acquired" date="2025-09-24T12:32:00.579" /><!-- duration: 16ms -->
    <step title="Performing fetch based deployment" date="2025-09-24T12:32:00.626" >
      <step title="Creating temporary deployment" date="2025-09-24T12:32:00.657" /><!-- duration: 188ms -->
      <step title="Fetching changes." date="2025-09-24T12:32:01.173" /><!-- duration: 31ms -->
      <step title="Starting LocalZipHandler" date="2025-09-24T12:32:01.235" /><!-- duration: 31ms -->
      <step title="Starting ExtractTriggers" date="2025-09-24T12:32:01.298" /><!-- duration: 31ms -->
      <step title="None repository commit" date="2025-09-24T12:32:05.532" >
        <step title="Commit id: 50f8f85bcf2a4a998b8476d858f24e7d" date="2025-09-24T12:32:05.563" Message="Created via a push deployment" AuthorName="N/A" AuthorEmail="N/A" /><!-- duration: 47ms -->
      </step><!-- duration: 141ms -->
      <step title="Before sending BuildRequestReceived status to /api/updatedeploystatus" date="2025-09-24T12:32:05.688" /><!-- duration: 31ms -->
      <step title="DeploymentManager.Deploy(id:50f8f85bcf2a4a998b8476d858f24e7d)" date="2025-09-24T12:32:05.735" >
        <step title="Collecting changeset information" date="2025-09-24T12:32:05.798" /><!-- duration: 187ms -->
        <step title="Updating submodules" date="2025-09-24T12:32:06.016" >
          <step title="Updating submodules." date="2025-09-24T12:32:06.266" /><!-- duration: 31ms -->
        </step><!-- duration: 375ms -->
        <step title="Preparing deployment for commit id &apos;50f8f85bcf&apos;." date="2025-09-24T12:32:06.610" /><!-- duration: 47ms -->
        <step title="Determining deployment builder" date="2025-09-24T12:32:06.860" >
          <step title="Builder is RunFromZipSiteBuilder" date="2025-09-24T12:32:06.891" /><!-- duration: 16ms -->
        </step><!-- duration: 78ms -->
        <step title="Copying SSH keys" date="2025-09-24T12:32:07.094" /><!-- duration: 31ms -->
        <step title="Building" date="2025-09-24T12:32:07.157" >
          <step title="Skipping build. Project type: Run-From-Zip" date="2025-09-24T12:32:07.360" /><!-- duration: 31ms -->
          <step title="Skipping post build. Project type: Run-From-Zip" date="2025-09-24T12:32:07.594" /><!-- duration: 16ms -->
          <step title="Triggering recycle (preview mode disabled)." date="2025-09-24T12:32:07.813" /><!-- duration: 16ms -->
          <step title="Ignoring FS watcher based recycle request as this is a classic Windows app." date="2025-09-24T12:32:07.876" /><!-- duration: 16ms -->
          <step title="Deployment successful. DEPLOYMENTINFO: deploymentPath = Functions App ZipDeploy. Run from package., deployer = ZipDeploy, os = windows, sku = Dynamic, language = node, siteName = podcast-gen-api, slotName = Production, siteHostName = podcast-gen-api.azurewebsites.net, deploymentStatus = Success" date="2025-09-24T12:32:08.094" /><!-- duration: 31ms -->
          <step title="Purge deployment items" date="2025-09-24T12:32:09.751" >
            <step title="Remove 1bcaaaf02, Success, received at 9/20/2025 6:21:51 PM" date="2025-09-24T12:32:10.110" /><!-- duration: 47ms -->
          </step><!-- duration: 437ms -->
        </step><!-- duration: 3125ms -->
      </step><!-- duration: 4578ms -->
      <step title="Cleaning up temp files" date="2025-09-24T12:32:10.329" /><!-- duration: 31ms -->
      <step title="Updating C:\home\data\SitePackages\packagename.txt with deployment 20250924123154.zip" date="2025-09-24T12:32:10.376" /><!-- duration: 78ms -->
      <step title="Begin HttpPost https://podcast-gen-api.scm.azurewebsites.net/operations/settriggers, x-ms-request-id: 54e0ca2e-cc7b-4995-a661-b2362c0f2671" date="2025-09-24T12:32:10.563" /><!-- duration: 16ms -->
      <step title="End HttpPost, status: OK" date="2025-09-24T12:32:11.079" /><!-- duration: 31ms -->
      <step title="Scheduling background sync triggers after delay" date="2025-09-24T12:32:11.157" /><!-- duration: 31ms -->
    </step><!-- duration: 10844ms -->
    <step title="LockFile &apos;C:\home\site\locks\deployments.lock&apos; released" date="2025-09-24T12:32:11.501" /><!-- duration: 31ms -->
  </step><!-- duration: 16844ms -->
  <step title="Outgoing response" date="2025-09-24T12:32:11.594" type="response" statusCode="200" statusText="OK" Server="Microsoft-IIS/10.0" x-ms-request-id="54e0ca2e-cc7b-4995-a661-b2362c0f2671" Cache-Control="private" X-AspNet-Version="4.0.30319" /><!-- duration: 31ms -->
</step><!-- duration: 17062ms -->
