<step title="BackgroundTrace" date="2025-09-20T22:43:44.029" instance="200763" url="/api/zipdeploy" method="POST" >
  <step title="Cleanup Xml Logs" date="2025-09-20T22:43:44.045" /><!-- duration: 31ms -->
  <step title="Updating shutdown sentinel last write time" date="2025-09-20T22:43:44.139" SemaphoreCount="7" /><!-- duration: 31ms -->
  <step title="LockFile &apos;C:\home\site\locks\deployments.lock&apos; acquired" date="2025-09-20T22:43:44.186" /><!-- duration: 16ms -->
  <step title="Creating temporary deployment" date="2025-09-20T22:43:44.217" /><!-- duration: 125ms -->
  <step title="Performing fetch based deployment" date="2025-09-20T22:43:44.373" >
    <step title="Fetching changes." date="2025-09-20T22:43:44.576" /><!-- duration: 16ms -->
    <step title="Starting LocalZipHandler" date="2025-09-20T22:43:44.608" /><!-- duration: 16ms -->
    <step title="Starting ExtractTriggers" date="2025-09-20T22:43:44.639" /><!-- duration: 31ms -->
    <step title="Before sending BuildRequestReceived status to /api/updatedeploystatus" date="2025-09-20T22:43:47.577" /><!-- duration: 31ms -->
    <step title="DeploymentManager.Deploy(id:b93c6668ff884c43be8be3b84e684c6e)" date="2025-09-20T22:43:47.624" >
      <step title="Collecting changeset information" date="2025-09-20T22:43:47.655" /><!-- duration: 141ms -->
      <step title="Updating submodules" date="2025-09-20T22:43:47.811" >
        <step title="Updating submodules." date="2025-09-20T22:43:47.967" /><!-- duration: 16ms -->
      </step><!-- duration: 203ms -->
      <step title="Preparing deployment for commit id &apos;b93c6668ff&apos;." date="2025-09-20T22:43:48.187" /><!-- duration: 16ms -->
      <step title="Determining deployment builder" date="2025-09-20T22:43:48.391" >
        <step title="Builder is RunFromZipSiteBuilder" date="2025-09-20T22:43:48.406" /><!-- duration: 31ms -->
      </step><!-- duration: 62ms -->
      <step title="Copying SSH keys" date="2025-09-20T22:43:48.485" /><!-- duration: 16ms -->
      <step title="Building" date="2025-09-20T22:43:48.531" >
        <step title="Skipping build. Project type: Run-From-Zip" date="2025-09-20T22:43:48.954" /><!-- duration: 16ms -->
        <step title="Skipping post build. Project type: Run-From-Zip" date="2025-09-20T22:43:49.157" /><!-- duration: 16ms -->
        <step title="Triggering recycle (preview mode disabled)." date="2025-09-20T22:43:49.393" /><!-- duration: 16ms -->
        <step title="Ignoring FS watcher based recycle request as this is a classic Windows app." date="2025-09-20T22:43:49.440" /><!-- duration: 16ms -->
        <step title="Deployment successful. DEPLOYMENTINFO: deploymentPath = Functions App ZipDeploy. Run from package., deployer = ms-azuretools-vscode, os = windows, sku = Dynamic, language = node, siteName = podcast-gen-api, slotName = Production, siteHostName = podcast-gen-api.azurewebsites.net, deploymentStatus = Success" date="2025-09-20T22:43:49.612" /><!-- duration: 16ms -->
        <step title="Purge deployment items" date="2025-09-20T22:43:49.877" >
          <step title="Remove 6cacd6738, Success, received at 9/20/2025 5:55:31 PM" date="2025-09-20T22:43:50.112" /><!-- duration: 16ms -->
        </step><!-- duration: 281ms -->
      </step><!-- duration: 1705ms -->
    </step><!-- duration: 2629ms -->
    <step title="Cleaning up temp files" date="2025-09-20T22:43:50.268" /><!-- duration: 47ms -->
    <step title="Updating C:\home\data\SitePackages\packagename.txt with deployment 20250920224306.zip" date="2025-09-20T22:43:50.331" /><!-- duration: 47ms -->
    <step title="Begin HttpPost https://podcast-gen-api.scm.azurewebsites.net/operations/settriggers, x-ms-request-id: 35ef3cb9-5aa2-440c-a28b-1798102c5e67" date="2025-09-20T22:43:50.440" /><!-- duration: 16ms -->
    <step title="End HttpPost, status: OK" date="2025-09-20T22:43:50.596" /><!-- duration: 16ms -->
    <step title="Scheduling background sync triggers after delay" date="2025-09-20T22:43:50.627" /><!-- duration: 31ms -->
  </step><!-- duration: 6364ms -->
  <step title="LockFile &apos;C:\home\site\locks\deployments.lock&apos; released" date="2025-09-20T22:43:50.768" /><!-- duration: 16ms -->
</step><!-- duration: 6801ms -->
