<step title="Incoming Request" date="2025-09-24T19:33:16.310" instance="16ed5e" url="/api/zipdeploy" method="POST" type="request" pid="6352,2,8" Content-Length="58700888" Content-Type="application/zip" Authorization="Bea..." Host="podcast-gen-api.scm.azurewebsites.net" If-Match="*" User-Agent="functions-core-tools/4.2.2" X-ARR-LOG-ID="2437ad6f-e1c3-4996-a53b-f561a21de510" CLIENT-IP="24.2.124.100:54580" X-SITE-DEPLOYMENT-ID="podcast-gen-api" WAS-DEFAULT-HOSTNAME="podcast-gen-api.scm.azurewebsites.net" X-Forwarded-Proto="https" X-AppService-Proto="https" X-Forwarded-TlsVersion="1.2" X-WAWS-Unencoded-URL="/api/zipdeploy" >
  <step title="ZipPushDeploy" date="2025-09-24T19:33:16.388" >
    <step title="Functions App ZipDeploy. Run from package." date="2025-09-24T19:33:16.419" /><!-- duration: 31ms -->
    <step title="Starting PushDeployAsync" date="2025-09-24T19:33:16.482" /><!-- duration: 16ms -->
    <step title="Updating shutdown sentinel last write time" date="2025-09-24T19:33:16.607" SemaphoreCount="7" /><!-- duration: 16ms -->
    <step title="LockFile &apos;C:\home\site\locks\deployments.lock&apos; acquired" date="2025-09-24T19:33:16.654" /><!-- duration: 16ms -->
    <step title="Deleting outdated zip file C:\home\data\SitePackages\20250924164810.zip" date="2025-09-24T19:33:16.716" /><!-- duration: 47ms -->
    <step title="Saving request content to C:\home\data\SitePackages\20250924193316.zip" date="2025-09-24T19:33:16.794" >
      <step title="Total 58,700,888 bytes written to C:\home\data\SitePackages\20250924193316.zip" date="2025-09-24T19:33:32.253" /><!-- duration: 31ms -->
    </step><!-- duration: 16491ms -->
    <step title="LockFile &apos;C:\home\site\locks\deployments.lock&apos; released" date="2025-09-24T19:33:33.316" /><!-- duration: 31ms -->
    <step title="Deleting shutdown sentinel file" date="2025-09-24T19:33:33.378" SemaphoreCount="8" /><!-- duration: 16ms -->
    <step title="Starting FetchDeploy" date="2025-09-24T19:33:33.425" /><!-- duration: 16ms -->
    <step title="Attempting to fetch target branch HEAD" date="2025-09-24T19:33:33.473" /><!-- duration: 93ms -->
    <step title="Updating shutdown sentinel last write time" date="2025-09-24T19:33:33.628" SemaphoreCount="7" /><!-- duration: 16ms -->
    <step title="LockFile &apos;C:\home\site\locks\deployments.lock&apos; acquired" date="2025-09-24T19:33:33.660" /><!-- duration: 16ms -->
    <step title="Performing fetch based deployment" date="2025-09-24T19:33:33.722" >
      <step title="Creating temporary deployment" date="2025-09-24T19:33:33.738" /><!-- duration: 234ms -->
      <step title="Fetching changes." date="2025-09-24T19:33:34.222" /><!-- duration: 16ms -->
      <step title="Starting LocalZipHandler" date="2025-09-24T19:33:34.332" /><!-- duration: 16ms -->
      <step title="Starting ExtractTriggers" date="2025-09-24T19:33:34.378" /><!-- duration: 16ms -->
      <step title="None repository commit" date="2025-09-24T19:33:38.098" >
        <step title="Commit id: 46951b834e2a43c7ac39665ef756ef4d" date="2025-09-24T19:33:38.130" Message="Created via a push deployment" AuthorName="N/A" AuthorEmail="N/A" /><!-- duration: 16ms -->
      </step><!-- duration: 63ms -->
      <step title="Before sending BuildRequestReceived status to /api/updatedeploystatus" date="2025-09-24T19:33:38.176" /><!-- duration: 31ms -->
      <step title="DeploymentManager.Deploy(id:46951b834e2a43c7ac39665ef756ef4d)" date="2025-09-24T19:33:38.223" >
        <step title="Collecting changeset information" date="2025-09-24T19:33:38.364" /><!-- duration: 156ms -->
        <step title="Updating submodules" date="2025-09-24T19:33:38.551" >
          <step title="Updating submodules." date="2025-09-24T19:33:38.880" /><!-- duration: 31ms -->
        </step><!-- duration: 391ms -->
        <step title="Preparing deployment for commit id &apos;46951b834e&apos;." date="2025-09-24T19:33:39.176" /><!-- duration: 16ms -->
        <step title="Determining deployment builder" date="2025-09-24T19:33:39.411" >
          <step title="Builder is RunFromZipSiteBuilder" date="2025-09-24T19:33:39.426" /><!-- duration: 31ms -->
        </step><!-- duration: 62ms -->
        <step title="Copying SSH keys" date="2025-09-24T19:33:39.551" /><!-- duration: 47ms -->
        <step title="Building" date="2025-09-24T19:33:39.614" >
          <step title="Skipping build. Project type: Run-From-Zip" date="2025-09-24T19:33:39.817" /><!-- duration: 16ms -->
          <step title="Skipping post build. Project type: Run-From-Zip" date="2025-09-24T19:33:40.067" /><!-- duration: 16ms -->
          <step title="Triggering recycle (preview mode disabled)." date="2025-09-24T19:33:40.395" /><!-- duration: 47ms -->
          <step title="Ignoring FS watcher based recycle request as this is a classic Windows app." date="2025-09-24T19:33:40.473" /><!-- duration: 47ms -->
          <step title="Deployment successful. DEPLOYMENTINFO: deploymentPath = Functions App ZipDeploy. Run from package., deployer = ZipDeploy, os = windows, sku = Dynamic, language = node, siteName = podcast-gen-api, slotName = Production, siteHostName = podcast-gen-api.azurewebsites.net, deploymentStatus = Success" date="2025-09-24T19:33:40.739" /><!-- duration: 31ms -->
          <step title="Purge deployment items" date="2025-09-24T19:33:41.692" >
            <step title="Remove 5889d33c9, Success, received at 9/24/2025 12:37:34 PM" date="2025-09-24T19:33:41.958" /><!-- duration: 31ms -->
          </step><!-- duration: 313ms -->
        </step><!-- duration: 2516ms -->
      </step><!-- duration: 3938ms -->
      <step title="Cleaning up temp files" date="2025-09-24T19:33:42.176" /><!-- duration: 16ms -->
      <step title="Updating C:\home\data\SitePackages\packagename.txt with deployment 20250924193316.zip" date="2025-09-24T19:33:42.223" /><!-- duration: 94ms -->
      <step title="Begin HttpPost https://podcast-gen-api.scm.azurewebsites.net/operations/settriggers, x-ms-request-id: 2437ad6f-e1c3-4996-a53b-f561a21de510" date="2025-09-24T19:33:42.461" /><!-- duration: 28ms -->
      <step title="End HttpPost, status: OK" date="2025-09-24T19:33:42.786" /><!-- duration: 31ms -->
      <step title="Scheduling background sync triggers after delay" date="2025-09-24T19:33:42.833" /><!-- duration: 78ms -->
    </step><!-- duration: 9454ms -->
    <step title="LockFile &apos;C:\home\site\locks\deployments.lock&apos; released" date="2025-09-24T19:33:43.208" /><!-- duration: 16ms -->
    <step title="Deleting shutdown sentinel file" date="2025-09-24T19:33:43.270" SemaphoreCount="8" /><!-- duration: 16ms -->
  </step><!-- duration: 26929ms -->
  <step title="Outgoing response" date="2025-09-24T19:33:43.505" type="response" statusCode="200" statusText="OK" Server="Microsoft-IIS/10.0" x-ms-request-id="2437ad6f-e1c3-4996-a53b-f561a21de510" Cache-Control="private" X-AspNet-Version="4.0.30319" /><!-- duration: 16ms -->
</step><!-- duration: 27226ms -->
