<step title="Incoming Request" date="2025-09-24T19:31:15.269" instance="16ed5e" url="/api/zipdeploy" method="POST" type="request" pid="3800,2,7" Content-Length="58700610" Content-Type="application/zip" Authorization="Bea..." Host="podcast-gen-api.scm.azurewebsites.net" If-Match="*" User-Agent="functions-core-tools/4.2.2" X-ARR-LOG-ID="7cc7aa7e-9cd3-4fd3-8de4-c39ddea47423" CLIENT-IP="24.2.124.100:54524" X-SITE-DEPLOYMENT-ID="podcast-gen-api" WAS-DEFAULT-HOSTNAME="podcast-gen-api.scm.azurewebsites.net" X-Forwarded-Proto="https" X-AppService-Proto="https" X-Forwarded-TlsVersion="1.2" X-WAWS-Unencoded-URL="/api/zipdeploy" >
  <step title="ZipPushDeploy" date="2025-09-24T19:31:15.347" >
    <step title="Functions App ZipDeploy. Run from package." date="2025-09-24T19:31:15.379" /><!-- duration: 16ms -->
    <step title="Starting PushDeployAsync" date="2025-09-24T19:31:15.426" /><!-- duration: 31ms -->
    <step title="Updating shutdown sentinel last write time" date="2025-09-24T19:31:15.582" SemaphoreCount="7" /><!-- duration: 16ms -->
    <step title="LockFile &apos;C:\home\site\locks\deployments.lock&apos; acquired" date="2025-09-24T19:31:15.613" /><!-- duration: 31ms -->
    <step title="Deleting outdated zip file C:\home\data\SitePackages\20250924164125.zip" date="2025-09-24T19:31:15.691" /><!-- duration: 78ms -->
    <step title="Saving request content to C:\home\data\SitePackages\20250924193115.zip" date="2025-09-24T19:31:15.801" >
      <step title="Total 58,700,610 bytes written to C:\home\data\SitePackages\20250924193115.zip" date="2025-09-24T19:31:22.668" /><!-- duration: 16ms -->
    </step><!-- duration: 7461ms -->
    <step title="LockFile &apos;C:\home\site\locks\deployments.lock&apos; released" date="2025-09-24T19:31:23.308" /><!-- duration: 16ms -->
    <step title="Deleting shutdown sentinel file" date="2025-09-24T19:31:23.355" SemaphoreCount="8" /><!-- duration: 94ms -->
    <step title="Starting FetchDeploy" date="2025-09-24T19:31:23.480" /><!-- duration: 16ms -->
    <step title="Attempting to fetch target branch HEAD" date="2025-09-24T19:31:23.527" /><!-- duration: 16ms -->
    <step title="Updating shutdown sentinel last write time" date="2025-09-24T19:31:23.605" SemaphoreCount="7" /><!-- duration: 16ms -->
    <step title="LockFile &apos;C:\home\site\locks\deployments.lock&apos; acquired" date="2025-09-24T19:31:23.636" /><!-- duration: 31ms -->
    <step title="Performing fetch based deployment" date="2025-09-24T19:31:23.683" >
      <step title="Creating temporary deployment" date="2025-09-24T19:31:23.715" /><!-- duration: 141ms -->
      <step title="Fetching changes." date="2025-09-24T19:31:24.137" /><!-- duration: 16ms -->
      <step title="Starting LocalZipHandler" date="2025-09-24T19:31:24.215" /><!-- duration: 16ms -->
      <step title="Starting ExtractTriggers" date="2025-09-24T19:31:24.261" /><!-- duration: 16ms -->
      <step title="None repository commit" date="2025-09-24T19:31:28.043" >
        <step title="Commit id: eff7c27478c64379a14dd2c5c8c83d5c" date="2025-09-24T19:31:28.105" Message="Created via a push deployment" AuthorName="N/A" AuthorEmail="N/A" /><!-- duration: 16ms -->
      </step><!-- duration: 94ms -->
      <step title="Before sending BuildRequestReceived status to /api/updatedeploystatus" date="2025-09-24T19:31:28.152" /><!-- duration: 16ms -->
      <step title="DeploymentManager.Deploy(id:eff7c27478c64379a14dd2c5c8c83d5c)" date="2025-09-24T19:31:28.199" >
        <step title="Collecting changeset information" date="2025-09-24T19:31:28.246" /><!-- duration: 203ms -->
        <step title="Updating submodules" date="2025-09-24T19:31:28.480" >
          <step title="Updating submodules." date="2025-09-24T19:31:28.652" /><!-- duration: 47ms -->
        </step><!-- duration: 281ms -->
        <step title="Preparing deployment for commit id &apos;eff7c27478&apos;." date="2025-09-24T19:31:28.996" /><!-- duration: 47ms -->
        <step title="Determining deployment builder" date="2025-09-24T19:31:29.293" >
          <step title="Builder is RunFromZipSiteBuilder" date="2025-09-24T19:31:29.324" /><!-- duration: 16ms -->
        </step><!-- duration: 62ms -->
        <step title="Copying SSH keys" date="2025-09-24T19:31:29.449" /><!-- duration: 47ms -->
        <step title="Building" date="2025-09-24T19:31:29.511" >
          <step title="Skipping build. Project type: Run-From-Zip" date="2025-09-24T19:31:29.699" /><!-- duration: 17ms -->
          <step title="Skipping post build. Project type: Run-From-Zip" date="2025-09-24T19:31:29.918" /><!-- duration: 16ms -->
          <step title="Triggering recycle (preview mode disabled)." date="2025-09-24T19:31:30.183" /><!-- duration: 16ms -->
          <step title="Ignoring FS watcher based recycle request as this is a classic Windows app." date="2025-09-24T19:31:30.230" /><!-- duration: 16ms -->
          <step title="Deployment successful. DEPLOYMENTINFO: deploymentPath = Functions App ZipDeploy. Run from package., deployer = ZipDeploy, os = windows, sku = Dynamic, language = node, siteName = podcast-gen-api, slotName = Production, siteHostName = podcast-gen-api.azurewebsites.net, deploymentStatus = Success" date="2025-09-24T19:31:30.433" /><!-- duration: 16ms -->
          <step title="Purge deployment items" date="2025-09-24T19:31:31.261" >
            <step title="Remove 1f858737f, Success, received at 9/24/2025 12:33:56 PM" date="2025-09-24T19:31:31.558" /><!-- duration: 16ms -->
          </step><!-- duration: 328ms -->
        </step><!-- duration: 2172ms -->
      </step><!-- duration: 3516ms -->
      <step title="Cleaning up temp files" date="2025-09-24T19:31:31.730" /><!-- duration: 31ms -->
      <step title="Updating C:\home\data\SitePackages\packagename.txt with deployment 20250924193115.zip" date="2025-09-24T19:31:31.777" /><!-- duration: 109ms -->
      <step title="Begin HttpPost https://podcast-gen-api.scm.azurewebsites.net/operations/settriggers, x-ms-request-id: 7cc7aa7e-9cd3-4fd3-8de4-c39ddea47423" date="2025-09-24T19:31:31.980" /><!-- duration: 16ms -->
      <step title="End HttpPost, status: OK" date="2025-09-24T19:31:32.355" /><!-- duration: 31ms -->
      <step title="Scheduling background sync triggers after delay" date="2025-09-24T19:31:32.402" /><!-- duration: 31ms -->
    </step><!-- duration: 8938ms -->
    <step title="LockFile &apos;C:\home\site\locks\deployments.lock&apos; released" date="2025-09-24T19:31:32.652" /><!-- duration: 31ms -->
  </step><!-- duration: 17367ms -->
  <step title="Outgoing response" date="2025-09-24T19:31:32.730" type="response" statusCode="200" statusText="OK" Server="Microsoft-IIS/10.0" x-ms-request-id="7cc7aa7e-9cd3-4fd3-8de4-c39ddea47423" Cache-Control="private" X-AspNet-Version="4.0.30319" /><!-- duration: 31ms -->
</step><!-- duration: 17508ms -->
