<step title="Incoming Request" date="2025-09-24T16:41:25.033" instance="8fbe5d" url="/api/zipdeploy?author=ms-azuretools-vscode&amp;deployer=ms-azuretools-vscode&amp;isAsync=true&amp;trackDeploymentId=true" method="POST" type="request" pid="1132,2,7" Connection="Keep-Alive" Transfer-Encoding="chunked" Accept-Encoding="gzip,deflate" Accept-Language="en" Authorization="Bea..." Host="podcast-gen-api.scm.azurewebsites.net" User-Agent="vscode-azurefunctions/1.19.0 core-rest-pipeline/1.19.1 Node/20.19.1 OS/(arm64-Darwin-24.6.0)" x-ms-correlation-request-id="97b05223-7861-42ac-a2b7-8675b5f22012" x-ms-client-request-id="f27ae8cb-0eee-4908-8e49-bbc722628373" X-ARR-LOG-ID="f27ae8cb-0eee-4908-8e49-bbc722628373" CLIENT-IP="24.2.124.100:53104" X-SITE-DEPLOYMENT-ID="podcast-gen-api" WAS-DEFAULT-HOSTNAME="podcast-gen-api.scm.azurewebsites.net" X-Forwarded-Proto="https" X-AppService-Proto="https" X-Forwarded-TlsVersion="1.3" X-WAWS-Unencoded-URL="/api/zipdeploy?author=ms-azuretools-vscode&amp;deployer=ms-azuretools-vscode&amp;isAsync=true&amp;trackDeploymentId=true" X-MS-COLDSTART="1" >
  <step title="ZipPushDeploy" date="2025-09-24T16:41:25.895" >
    <step title="Functions App ZipDeploy. Run from package." date="2025-09-24T16:41:25.926" /><!-- duration: 16ms -->
    <step title="Starting PushDeployAsync" date="2025-09-24T16:41:25.973" /><!-- duration: 16ms -->
    <step title="Updating shutdown sentinel last write time" date="2025-09-24T16:41:26.161" SemaphoreCount="7" /><!-- duration: 16ms -->
    <step title="LockFile &apos;C:\home\site\locks\deployments.lock&apos; acquired" date="2025-09-24T16:41:26.208" /><!-- duration: 16ms -->
    <step title="Deleting outdated zip file C:\home\data\SitePackages\20250924125716.zip" date="2025-09-24T16:41:26.271" /><!-- duration: 47ms -->
    <step title="Saving request content to C:\home\data\SitePackages\20250924164125.zip" date="2025-09-24T16:41:26.333" >
      <step title="Total 69,120,303 bytes written to C:\home\data\SitePackages\20250924164125.zip" date="2025-09-24T16:41:41.418" /><!-- duration: 62ms -->
    </step><!-- duration: 15663ms -->
    <step title="LockFile &apos;C:\home\site\locks\deployments.lock&apos; released" date="2025-09-24T16:41:42.043" /><!-- duration: 16ms -->
    <step title="Deleting shutdown sentinel file" date="2025-09-24T16:41:42.106" SemaphoreCount="8" /><!-- duration: 31ms -->
    <step title="Starting FetchDeploy" date="2025-09-24T16:41:42.168" /><!-- duration: 16ms -->
    <step title="Start deployment in the background" date="2025-09-24T16:41:42.215" /><!-- duration: 828ms -->
  </step><!-- duration: 17180ms -->
  <step title="Outgoing response" date="2025-09-24T16:41:43.137" type="response" statusCode="202" statusText="Accepted" Server="Microsoft-IIS/10.0" x-ms-request-id="f27ae8cb-0eee-4908-8e49-bbc722628373" Retry-After="30" Cache-Control="private" X-AspNet-Version="4.0.30319" Location="https://podcast-gen-api.scm.azurewebsites.net/api/deployments/latest?deployer=ms-azuretools-vscode&amp;time=2025-09-24_16-41-43Z" /><!-- duration: 16ms -->
</step><!-- duration: 18151ms -->
