<step title="Incoming Request" date="2025-09-24T19:37:27.932" instance="16ed5e" url="/api/zipdeploy" method="POST" type="request" pid="4424,2,8" Content-Length="58703529" Content-Type="application/zip" Authorization="Bea..." Host="podcast-gen-api.scm.azurewebsites.net" If-Match="*" User-Agent="functions-core-tools/4.2.2" X-ARR-LOG-ID="d33f2c53-5334-427b-b8c8-a632f22ebe2b" CLIENT-IP="24.2.124.100:54717" X-SITE-DEPLOYMENT-ID="podcast-gen-api" WAS-DEFAULT-HOSTNAME="podcast-gen-api.scm.azurewebsites.net" X-Forwarded-Proto="https" X-AppService-Proto="https" X-Forwarded-TlsVersion="1.2" X-WAWS-Unencoded-URL="/api/zipdeploy" >
  <step title="ZipPushDeploy" date="2025-09-24T19:37:28.010" >
    <step title="Functions App ZipDeploy. Run from package." date="2025-09-24T19:37:28.093" /><!-- duration: 11ms -->
    <step title="Starting PushDeployAsync" date="2025-09-24T19:37:28.135" /><!-- duration: 31ms -->
    <step title="Updating shutdown sentinel last write time" date="2025-09-24T19:37:28.228" SemaphoreCount="7" /><!-- duration: 16ms -->
    <step title="LockFile &apos;C:\home\site\locks\deployments.lock&apos; acquired" date="2025-09-24T19:37:28.275" /><!-- duration: 16ms -->
    <step title="Deleting outdated zip file C:\home\data\SitePackages\20250924193316.zip" date="2025-09-24T19:37:28.338" /><!-- duration: 47ms -->
    <step title="Saving request content to C:\home\data\SitePackages\20250924193728.zip" date="2025-09-24T19:37:28.400" >
      <step title="Total 58,703,529 bytes written to C:\home\data\SitePackages\20250924193728.zip" date="2025-09-24T19:37:41.322" /><!-- duration: 31ms -->
    </step><!-- duration: 13971ms -->
    <step title="LockFile &apos;C:\home\site\locks\deployments.lock&apos; released" date="2025-09-24T19:37:42.403" /><!-- duration: 16ms -->
    <step title="Deleting shutdown sentinel file" date="2025-09-24T19:37:42.450" SemaphoreCount="8" /><!-- duration: 16ms -->
    <step title="Starting FetchDeploy" date="2025-09-24T19:37:42.497" /><!-- duration: 16ms -->
    <step title="Attempting to fetch target branch HEAD" date="2025-09-24T19:37:42.528" /><!-- duration: 31ms -->
    <step title="Updating shutdown sentinel last write time" date="2025-09-24T19:37:42.606" SemaphoreCount="7" /><!-- duration: 16ms -->
    <step title="LockFile &apos;C:\home\site\locks\deployments.lock&apos; acquired" date="2025-09-24T19:37:42.653" /><!-- duration: 16ms -->
    <step title="Performing fetch based deployment" date="2025-09-24T19:37:42.778" >
      <step title="Creating temporary deployment" date="2025-09-24T19:37:42.793" /><!-- duration: 219ms -->
      <step title="Fetching changes." date="2025-09-24T19:37:43.278" /><!-- duration: 16ms -->
      <step title="Starting LocalZipHandler" date="2025-09-24T19:37:43.340" /><!-- duration: 31ms -->
      <step title="Starting ExtractTriggers" date="2025-09-24T19:37:43.434" /><!-- duration: 16ms -->
      <step title="None repository commit" date="2025-09-24T19:37:47.122" >
        <step title="Commit id: 87a6748f79f9432ca160fcf2d3a2c729" date="2025-09-24T19:37:47.153" Message="Created via a push deployment" AuthorName="N/A" AuthorEmail="N/A" /><!-- duration: 16ms -->
      </step><!-- duration: 78ms -->
      <step title="Before sending BuildRequestReceived status to /api/updatedeploystatus" date="2025-09-24T19:37:47.215" /><!-- duration: 31ms -->
      <step title="DeploymentManager.Deploy(id:87a6748f79f9432ca160fcf2d3a2c729)" date="2025-09-24T19:37:47.262" >
        <step title="Collecting changeset information" date="2025-09-24T19:37:47.309" /><!-- duration: 203ms -->
        <step title="Updating submodules" date="2025-09-24T19:37:47.543" >
          <step title="Updating submodules." date="2025-09-24T19:37:47.747" /><!-- duration: 31ms -->
        </step><!-- duration: 281ms -->
        <step title="Preparing deployment for commit id &apos;87a6748f79&apos;." date="2025-09-24T19:37:48.028" /><!-- duration: 31ms -->
        <step title="Determining deployment builder" date="2025-09-24T19:37:48.262" >
          <step title="Builder is RunFromZipSiteBuilder" date="2025-09-24T19:37:48.293" /><!-- duration: 16ms -->
        </step><!-- duration: 78ms -->
        <step title="Copying SSH keys" date="2025-09-24T19:37:48.434" /><!-- duration: 31ms -->
        <step title="Building" date="2025-09-24T19:37:48.481" >
          <step title="Skipping build. Project type: Run-From-Zip" date="2025-09-24T19:37:48.684" /><!-- duration: 16ms -->
          <step title="Skipping post build. Project type: Run-From-Zip" date="2025-09-24T19:37:48.934" /><!-- duration: 31ms -->
          <step title="Triggering recycle (preview mode disabled)." date="2025-09-24T19:37:49.231" /><!-- duration: 31ms -->
          <step title="Ignoring FS watcher based recycle request as this is a classic Windows app." date="2025-09-24T19:37:49.294" /><!-- duration: 31ms -->
          <step title="Deployment successful. DEPLOYMENTINFO: deploymentPath = Functions App ZipDeploy. Run from package., deployer = ZipDeploy, os = windows, sku = Dynamic, language = node, siteName = podcast-gen-api, slotName = Production, siteHostName = podcast-gen-api.azurewebsites.net, deploymentStatus = Success" date="2025-09-24T19:37:49.512" /><!-- duration: 16ms -->
          <step title="Purge deployment items" date="2025-09-24T19:37:50.388" >
            <step title="Remove 064cfc991, Success, received at 9/24/2025 12:57:33 PM" date="2025-09-24T19:37:50.701" /><!-- duration: 16ms -->
          </step><!-- duration: 440ms -->
        </step><!-- duration: 2425ms -->
      </step><!-- duration: 3675ms -->
      <step title="Cleaning up temp files" date="2025-09-24T19:37:50.953" /><!-- duration: 31ms -->
      <step title="Updating C:\home\data\SitePackages\packagename.txt with deployment 20250924193728.zip" date="2025-09-24T19:37:51.000" /><!-- duration: 78ms -->
      <step title="Begin HttpPost https://podcast-gen-api.scm.azurewebsites.net/operations/settriggers, x-ms-request-id: d33f2c53-5334-427b-b8c8-a632f22ebe2b" date="2025-09-24T19:37:51.156" /><!-- duration: 16ms -->
      <step title="End HttpPost, status: OK" date="2025-09-24T19:37:51.484" /><!-- duration: 31ms -->
      <step title="Scheduling background sync triggers after delay" date="2025-09-24T19:37:51.531" /><!-- duration: 31ms -->
    </step><!-- duration: 8988ms -->
    <step title="LockFile &apos;C:\home\site\locks\deployments.lock&apos; released" date="2025-09-24T19:37:51.797" /><!-- duration: 16ms -->
  </step><!-- duration: 23912ms -->
  <step title="Outgoing response" date="2025-09-24T19:37:52.015" type="response" statusCode="200" statusText="OK" Server="Microsoft-IIS/10.0" x-ms-request-id="d33f2c53-5334-427b-b8c8-a632f22ebe2b" Cache-Control="private" X-AspNet-Version="4.0.30319" /><!-- duration: 31ms -->
</step><!-- duration: 24146ms -->
