<step title="BackgroundTrace" date="2025-09-25T02:20:59.304" instance="5b5a53" url="/api/zipdeploy" method="POST" >
  <step title="Cleanup Xml Logs" date="2025-09-25T02:20:59.319" /><!-- duration: 31ms -->
  <step title="Updating shutdown sentinel last write time" date="2025-09-25T02:20:59.429" SemaphoreCount="7" /><!-- duration: 16ms -->
  <step title="LockFile &apos;C:\home\site\locks\deployments.lock&apos; acquired" date="2025-09-25T02:20:59.475" /><!-- duration: 16ms -->
  <step title="Creating temporary deployment" date="2025-09-25T02:20:59.523" /><!-- duration: 171ms -->
  <step title="Performing fetch based deployment" date="2025-09-25T02:20:59.710" >
    <step title="Fetching changes." date="2025-09-25T02:20:59.944" /><!-- duration: 16ms -->
    <step title="Starting LocalZipHandler" date="2025-09-25T02:20:59.991" /><!-- duration: 16ms -->
    <step title="Starting ExtractTriggers" date="2025-09-25T02:21:00.038" /><!-- duration: 32ms -->
    <step title="Before sending BuildRequestReceived status to /api/updatedeploystatus" date="2025-09-25T02:21:04.164" /><!-- duration: 94ms -->
    <step title="DeploymentManager.Deploy(id:b22f1fe89e12429ba99e4319344b613e)" date="2025-09-25T02:21:04.289" >
      <step title="Collecting changeset information" date="2025-09-25T02:21:04.336" /><!-- duration: 203ms -->
      <step title="Updating submodules" date="2025-09-25T02:21:04.554" >
        <step title="Updating submodules." date="2025-09-25T02:21:04.758" /><!-- duration: 16ms -->
      </step><!-- duration: 250ms -->
      <step title="Preparing deployment for commit id &apos;b22f1fe89e&apos;." date="2025-09-25T02:21:04.992" /><!-- duration: 31ms -->
      <step title="Determining deployment builder" date="2025-09-25T02:21:05.226" >
        <step title="Builder is RunFromZipSiteBuilder" date="2025-09-25T02:21:05.258" /><!-- duration: 16ms -->
      </step><!-- duration: 78ms -->
      <step title="Copying SSH keys" date="2025-09-25T02:21:05.398" /><!-- duration: 31ms -->
      <step title="Building" date="2025-09-25T02:21:05.445" >
        <step title="Skipping build. Project type: Run-From-Zip" date="2025-09-25T02:21:06.164" /><!-- duration: 31ms -->
        <step title="Skipping post build. Project type: Run-From-Zip" date="2025-09-25T02:21:06.445" /><!-- duration: 16ms -->
        <step title="Triggering recycle (preview mode disabled)." date="2025-09-25T02:21:06.773" /><!-- duration: 31ms -->
        <step title="Ignoring FS watcher based recycle request as this is a classic Windows app." date="2025-09-25T02:21:06.820" /><!-- duration: 31ms -->
        <step title="Deployment successful. DEPLOYMENTINFO: deploymentPath = Functions App ZipDeploy. Run from package., deployer = ms-azuretools-vscode, os = windows, sku = Dynamic, language = node, siteName = podcast-gen-api, slotName = Production, siteHostName = podcast-gen-api.azurewebsites.net, deploymentStatus = Success" date="2025-09-25T02:21:07.054" /><!-- duration: 31ms -->
        <step title="Purge deployment items" date="2025-09-25T02:21:07.461" >
          <step title="Remove eff7c2747, Success, received at 9/24/2025 7:31:28 PM" date="2025-09-25T02:21:07.773" /><!-- duration: 16ms -->
        </step><!-- duration: 344ms -->
      </step><!-- duration: 2453ms -->
    </step><!-- duration: 3641ms -->
    <step title="Cleaning up temp files" date="2025-09-25T02:21:07.961" /><!-- duration: 16ms -->
    <step title="Updating C:\home\data\SitePackages\packagename.txt with deployment 20250925022046.zip" date="2025-09-25T02:21:08.008" /><!-- duration: 78ms -->
    <step title="Begin HttpPost https://podcast-gen-api.scm.azurewebsites.net/operations/settriggers, x-ms-request-id: e34fb6d3-8015-4eca-9260-62f79fe6792c" date="2025-09-25T02:21:08.164" /><!-- duration: 31ms -->
    <step title="End HttpPost, status: OK" date="2025-09-25T02:21:08.523" /><!-- duration: 16ms -->
    <step title="Scheduling background sync triggers after delay" date="2025-09-25T02:21:08.570" /><!-- duration: 31ms -->
  </step><!-- duration: 8970ms -->
  <step title="LockFile &apos;C:\home\site\locks\deployments.lock&apos; released" date="2025-09-25T02:21:08.711" /><!-- duration: 16ms -->
</step><!-- duration: 9470ms -->
