<step title="Incoming Request" date="2025-09-24T19:40:28.942" instance="16ed5e" url="/api/zipdeploy" method="POST" type="request" pid="3328,2,10" Content-Length="58703554" Content-Type="application/zip" Authorization="Bea..." Host="podcast-gen-api.scm.azurewebsites.net" If-Match="*" User-Agent="functions-core-tools/4.2.2" X-ARR-LOG-ID="3ec45019-b963-422d-bc16-a868cdb36f6b" CLIENT-IP="24.2.124.100:54790" X-SITE-DEPLOYMENT-ID="podcast-gen-api" WAS-DEFAULT-HOSTNAME="podcast-gen-api.scm.azurewebsites.net" X-Forwarded-Proto="https" X-AppService-Proto="https" X-Forwarded-TlsVersion="1.2" X-WAWS-Unencoded-URL="/api/zipdeploy" >
  <step title="ZipPushDeploy" date="2025-09-24T19:40:29.020" >
    <step title="Functions App ZipDeploy. Run from package." date="2025-09-24T19:40:29.099" /><!-- duration: 31ms -->
    <step title="Starting PushDeployAsync" date="2025-09-24T19:40:29.145" /><!-- duration: 31ms -->
    <step title="Updating shutdown sentinel last write time" date="2025-09-24T19:40:29.224" SemaphoreCount="7" /><!-- duration: 16ms -->
    <step title="LockFile &apos;C:\home\site\locks\deployments.lock&apos; acquired" date="2025-09-24T19:40:29.270" /><!-- duration: 16ms -->
    <step title="Deleting outdated zip file C:\home\data\SitePackages\20250924193433.zip" date="2025-09-24T19:40:29.349" /><!-- duration: 31ms -->
    <step title="Saving request content to C:\home\data\SitePackages\20250924194029.zip" date="2025-09-24T19:40:29.411" >
      <step title="Total 58,703,554 bytes written to C:\home\data\SitePackages\20250924194029.zip" date="2025-09-24T19:40:43.163" /><!-- duration: 16ms -->
    </step><!-- duration: 15600ms -->
    <step title="LockFile &apos;C:\home\site\locks\deployments.lock&apos; released" date="2025-09-24T19:40:45.026" /><!-- duration: 31ms -->
    <step title="Deleting shutdown sentinel file" date="2025-09-24T19:40:45.104" SemaphoreCount="8" /><!-- duration: 31ms -->
    <step title="Starting FetchDeploy" date="2025-09-24T19:40:45.151" /><!-- duration: 31ms -->
    <step title="Attempting to fetch target branch HEAD" date="2025-09-24T19:40:45.198" /><!-- duration: 31ms -->
    <step title="Updating shutdown sentinel last write time" date="2025-09-24T19:40:45.276" SemaphoreCount="7" /><!-- duration: 31ms -->
    <step title="LockFile &apos;C:\home\site\locks\deployments.lock&apos; acquired" date="2025-09-24T19:40:45.323" /><!-- duration: 78ms -->
    <step title="Performing fetch based deployment" date="2025-09-24T19:40:45.448" >
      <step title="Creating temporary deployment" date="2025-09-24T19:40:45.464" /><!-- duration: 156ms -->
      <step title="Fetching changes." date="2025-09-24T19:40:45.839" /><!-- duration: 31ms -->
      <step title="Starting LocalZipHandler" date="2025-09-24T19:40:45.917" /><!-- duration: 16ms -->
      <step title="Starting ExtractTriggers" date="2025-09-24T19:40:45.964" /><!-- duration: 16ms -->
      <step title="None repository commit" date="2025-09-24T19:40:49.903" >
        <step title="Commit id: 5bb8e8ee66ab4f5f933b174f7994316e" date="2025-09-24T19:40:50.340" Message="Created via a push deployment" AuthorName="N/A" AuthorEmail="N/A" /><!-- duration: 31ms -->
      </step><!-- duration: 484ms -->
      <step title="Before sending BuildRequestReceived status to /api/updatedeploystatus" date="2025-09-24T19:40:50.403" /><!-- duration: 31ms -->
      <step title="DeploymentManager.Deploy(id:5bb8e8ee66ab4f5f933b174f7994316e)" date="2025-09-24T19:40:50.465" >
        <step title="Collecting changeset information" date="2025-09-24T19:40:50.496" /><!-- duration: 172ms -->
        <step title="Updating submodules" date="2025-09-24T19:40:50.684" >
          <step title="Updating submodules." date="2025-09-24T19:40:50.996" /><!-- duration: 16ms -->
        </step><!-- duration: 376ms -->
        <step title="Preparing deployment for commit id &apos;5bb8e8ee66&apos;." date="2025-09-24T19:40:51.246" /><!-- duration: 16ms -->
        <step title="Determining deployment builder" date="2025-09-24T19:40:51.465" >
          <step title="Builder is RunFromZipSiteBuilder" date="2025-09-24T19:40:51.481" /><!-- duration: 16ms -->
        </step><!-- duration: 62ms -->
        <step title="Copying SSH keys" date="2025-09-24T19:40:51.606" /><!-- duration: 31ms -->
        <step title="Building" date="2025-09-24T19:40:51.668" >
          <step title="Skipping build. Project type: Run-From-Zip" date="2025-09-24T19:40:51.840" /><!-- duration: 31ms -->
          <step title="Skipping post build. Project type: Run-From-Zip" date="2025-09-24T19:40:52.153" /><!-- duration: 16ms -->
          <step title="Triggering recycle (preview mode disabled)." date="2025-09-24T19:40:52.387" /><!-- duration: 31ms -->
          <step title="Ignoring FS watcher based recycle request as this is a classic Windows app." date="2025-09-24T19:40:52.449" /><!-- duration: 16ms -->
          <step title="Deployment successful. DEPLOYMENTINFO: deploymentPath = Functions App ZipDeploy. Run from package., deployer = ZipDeploy, os = windows, sku = Dynamic, language = node, siteName = podcast-gen-api, slotName = Production, siteHostName = podcast-gen-api.azurewebsites.net, deploymentStatus = Success" date="2025-09-24T19:40:52.684" /><!-- duration: 78ms -->
          <step title="Purge deployment items" date="2025-09-24T19:40:53.498" >
            <step title="Remove dd91cb2dc, Success, received at 9/24/2025 1:02:19 PM" date="2025-09-24T19:40:53.842" /><!-- duration: 47ms -->
          </step><!-- duration: 406ms -->
        </step><!-- duration: 2330ms -->
      </step><!-- duration: 3549ms -->
      <step title="Cleaning up temp files" date="2025-09-24T19:40:54.029" /><!-- duration: 31ms -->
      <step title="Updating C:\home\data\SitePackages\packagename.txt with deployment 20250924194029.zip" date="2025-09-24T19:40:54.092" /><!-- duration: 63ms -->
      <step title="Begin HttpPost https://podcast-gen-api.scm.azurewebsites.net/operations/settriggers, x-ms-request-id: 3ec45019-b963-422d-bc16-a868cdb36f6b" date="2025-09-24T19:40:54.217" /><!-- duration: 16ms -->
      <step title="End HttpPost, status: OK" date="2025-09-24T19:40:54.545" /><!-- duration: 31ms -->
      <step title="Scheduling background sync triggers after delay" date="2025-09-24T19:40:54.623" /><!-- duration: 31ms -->
    </step><!-- duration: 9425ms -->
    <step title="LockFile &apos;C:\home\site\locks\deployments.lock&apos; released" date="2025-09-24T19:40:54.920" /><!-- duration: 31ms -->
  </step><!-- duration: 25978ms -->
  <step title="Outgoing response" date="2025-09-24T19:40:55.014" type="response" statusCode="200" statusText="OK" Server="Microsoft-IIS/10.0" x-ms-request-id="3ec45019-b963-422d-bc16-a868cdb36f6b" Cache-Control="private" X-AspNet-Version="4.0.30319" /><!-- duration: 31ms -->
</step><!-- duration: 26118ms -->
