<step title="BackgroundTrace" date="2025-09-24T13:05:32.290" instance="c2ea73" url="/api/zipdeploy" method="POST" >
  <step title="Cleanup Xml Logs" date="2025-09-24T13:05:32.321" /><!-- duration: 31ms -->
  <step title="Updating shutdown sentinel last write time" date="2025-09-24T13:05:32.431" SemaphoreCount="7" /><!-- duration: 31ms -->
  <step title="LockFile &apos;C:\home\site\locks\deployments.lock&apos; acquired" date="2025-09-24T13:05:32.477" /><!-- duration: 31ms -->
  <step title="Creating temporary deployment" date="2025-09-24T13:05:32.524" /><!-- duration: 141ms -->
  <step title="Performing fetch based deployment" date="2025-09-24T13:05:32.696" >
    <step title="Fetching changes." date="2025-09-24T13:05:32.899" /><!-- duration: 16ms -->
    <step title="Starting LocalZipHandler" date="2025-09-24T13:05:32.946" /><!-- duration: 16ms -->
    <step title="Starting ExtractTriggers" date="2025-09-24T13:05:32.993" /><!-- duration: 31ms -->
    <step title="Before sending BuildRequestReceived status to /api/updatedeploystatus" date="2025-09-24T13:05:37.181" /><!-- duration: 31ms -->
    <step title="DeploymentManager.Deploy(id:51900d7bb7ed40488995cc06504ac7f1)" date="2025-09-24T13:05:37.228" >
      <step title="Collecting changeset information" date="2025-09-24T13:05:37.275" /><!-- duration: 172ms -->
      <step title="Updating submodules" date="2025-09-24T13:05:37.478" >
        <step title="Updating submodules." date="2025-09-24T13:05:37.712" /><!-- duration: 16ms -->
      </step><!-- duration: 281ms -->
      <step title="Preparing deployment for commit id &apos;51900d7bb7&apos;." date="2025-09-24T13:05:37.947" /><!-- duration: 31ms -->
      <step title="Determining deployment builder" date="2025-09-24T13:05:38.697" >
        <step title="Builder is RunFromZipSiteBuilder" date="2025-09-24T13:05:38.728" /><!-- duration: 16ms -->
      </step><!-- duration: 63ms -->
      <step title="Copying SSH keys" date="2025-09-24T13:05:38.837" /><!-- duration: 47ms -->
      <step title="Building" date="2025-09-24T13:05:38.900" >
        <step title="Skipping build. Project type: Run-From-Zip" date="2025-09-24T13:05:39.119" /><!-- duration: 16ms -->
        <step title="Skipping post build. Project type: Run-From-Zip" date="2025-09-24T13:05:39.337" /><!-- duration: 16ms -->
        <step title="Triggering recycle (preview mode disabled)." date="2025-09-24T13:05:39.572" /><!-- duration: 16ms -->
        <step title="Ignoring FS watcher based recycle request as this is a classic Windows app." date="2025-09-24T13:05:39.619" /><!-- duration: 16ms -->
        <step title="Deployment successful. DEPLOYMENTINFO: deploymentPath = Functions App ZipDeploy. Run from package., deployer = ms-azuretools-vscode, os = windows, sku = Dynamic, language = node, siteName = podcast-gen-api, slotName = Production, siteHostName = podcast-gen-api.azurewebsites.net, deploymentStatus = Success" date="2025-09-24T13:05:39.837" /><!-- duration: 16ms -->
        <step title="Purge deployment items" date="2025-09-24T13:05:40.181" >
          <step title="Remove 84dbc2a57, Success, received at 9/20/2025 10:39:55 PM" date="2025-09-24T13:05:40.728" /><!-- duration: 16ms -->
        </step><!-- duration: 578ms -->
      </step><!-- duration: 1953ms -->
    </step><!-- duration: 3656ms -->
    <step title="Cleaning up temp files" date="2025-09-24T13:05:40.915" /><!-- duration: 16ms -->
    <step title="Updating C:\home\data\SitePackages\packagename.txt with deployment 20250924130521.zip" date="2025-09-24T13:05:40.962" /><!-- duration: 78ms -->
    <step title="Begin HttpPost https://podcast-gen-api.scm.azurewebsites.net/operations/settriggers, x-ms-request-id: 979b3df0-7d17-48cd-b052-129c687290ac" date="2025-09-24T13:05:41.134" /><!-- duration: 16ms -->
    <step title="End HttpPost, status: OK" date="2025-09-24T13:05:41.494" /><!-- duration: 16ms -->
    <step title="Scheduling background sync triggers after delay" date="2025-09-24T13:05:41.525" /><!-- duration: 16ms -->
  </step><!-- duration: 8938ms -->
  <step title="LockFile &apos;C:\home\site\locks\deployments.lock&apos; released" date="2025-09-24T13:05:41.665" /><!-- duration: 31ms -->
</step><!-- duration: 9438ms -->
