<step title="Incoming Request" date="2025-09-24T12:39:23.175" instance="c2ea73" url="/api/zipdeploy" method="POST" type="request" pid="5228,2,8" Content-Length="58692839" Content-Type="application/zip" Authorization="Bea..." Host="podcast-gen-api.scm.azurewebsites.net" If-Match="*" User-Agent="functions-core-tools/4.2.2" X-ARR-LOG-ID="23f0175e-d71d-4b59-9094-bc8ec99d14e7" CLIENT-IP="24.2.124.100:50676" X-SITE-DEPLOYMENT-ID="podcast-gen-api" WAS-DEFAULT-HOSTNAME="podcast-gen-api.scm.azurewebsites.net" X-Forwarded-Proto="https" X-AppService-Proto="https" X-Forwarded-TlsVersion="1.2" X-WAWS-Unencoded-URL="/api/zipdeploy" >
  <step title="ZipPushDeploy" date="2025-09-24T12:39:23.237" >
    <step title="Functions App ZipDeploy. Run from package." date="2025-09-24T12:39:23.284" /><!-- duration: 16ms -->
    <step title="Starting PushDeployAsync" date="2025-09-24T12:39:23.331" /><!-- duration: 16ms -->
    <step title="Updating shutdown sentinel last write time" date="2025-09-24T12:39:23.394" SemaphoreCount="7" /><!-- duration: 16ms -->
    <step title="LockFile &apos;C:\home\site\locks\deployments.lock&apos; acquired" date="2025-09-24T12:39:23.440" /><!-- duration: 16ms -->
    <step title="Deleting outdated zip file C:\home\data\SitePackages\20250924123154.zip" date="2025-09-24T12:39:23.519" /><!-- duration: 31ms -->
    <step title="Saving request content to C:\home\data\SitePackages\20250924123923.zip" date="2025-09-24T12:39:23.565" >
      <step title="Total 58,692,839 bytes written to C:\home\data\SitePackages\20250924123923.zip" date="2025-09-24T12:39:25.380" /><!-- duration: 16ms -->
    </step><!-- duration: 4114ms -->
    <step title="LockFile &apos;C:\home\site\locks\deployments.lock&apos; released" date="2025-09-24T12:39:27.711" /><!-- duration: 16ms -->
    <step title="Deleting shutdown sentinel file" date="2025-09-24T12:39:27.774" SemaphoreCount="8" /><!-- duration: 16ms -->
    <step title="Starting FetchDeploy" date="2025-09-24T12:39:27.821" /><!-- duration: 16ms -->
    <step title="Attempting to fetch target branch HEAD" date="2025-09-24T12:39:27.852" /><!-- duration: 31ms -->
    <step title="Updating shutdown sentinel last write time" date="2025-09-24T12:39:27.930" SemaphoreCount="7" /><!-- duration: 31ms -->
    <step title="LockFile &apos;C:\home\site\locks\deployments.lock&apos; acquired" date="2025-09-24T12:39:27.977" /><!-- duration: 31ms -->
    <step title="Performing fetch based deployment" date="2025-09-24T12:39:28.024" >
      <step title="Creating temporary deployment" date="2025-09-24T12:39:28.055" /><!-- duration: 187ms -->
      <step title="Fetching changes." date="2025-09-24T12:39:28.461" /><!-- duration: 16ms -->
      <step title="Starting LocalZipHandler" date="2025-09-24T12:39:28.524" /><!-- duration: 16ms -->
      <step title="Starting ExtractTriggers" date="2025-09-24T12:39:28.571" /><!-- duration: 31ms -->
      <step title="None repository commit" date="2025-09-24T12:39:32.368" >
        <step title="Commit id: 1a527155b9c64ce0bf8b202f77889130" date="2025-09-24T12:39:32.383" Message="Created via a push deployment" AuthorName="N/A" AuthorEmail="N/A" /><!-- duration: 31ms -->
      </step><!-- duration: 62ms -->
      <step title="Before sending BuildRequestReceived status to /api/updatedeploystatus" date="2025-09-24T12:39:32.446" /><!-- duration: 31ms -->
      <step title="DeploymentManager.Deploy(id:1a527155b9c64ce0bf8b202f77889130)" date="2025-09-24T12:39:32.492" >
        <step title="Collecting changeset information" date="2025-09-24T12:39:32.555" /><!-- duration: 156ms -->
        <step title="Updating submodules" date="2025-09-24T12:39:32.727" >
          <step title="Updating submodules." date="2025-09-24T12:39:32.930" /><!-- duration: 16ms -->
        </step><!-- duration: 266ms -->
        <step title="Preparing deployment for commit id &apos;1a527155b9&apos;." date="2025-09-24T12:39:33.196" /><!-- duration: 16ms -->
        <step title="Determining deployment builder" date="2025-09-24T12:39:33.414" >
          <step title="Builder is RunFromZipSiteBuilder" date="2025-09-24T12:39:33.430" /><!-- duration: 31ms -->
        </step><!-- duration: 63ms -->
        <step title="Copying SSH keys" date="2025-09-24T12:39:33.571" /><!-- duration: 31ms -->
        <step title="Building" date="2025-09-24T12:39:33.617" >
          <step title="Skipping build. Project type: Run-From-Zip" date="2025-09-24T12:39:33.821" /><!-- duration: 16ms -->
          <step title="Skipping post build. Project type: Run-From-Zip" date="2025-09-24T12:39:34.039" /><!-- duration: 16ms -->
          <step title="Triggering recycle (preview mode disabled)." date="2025-09-24T12:39:34.274" /><!-- duration: 31ms -->
          <step title="Ignoring FS watcher based recycle request as this is a classic Windows app." date="2025-09-24T12:39:34.336" /><!-- duration: 16ms -->
          <step title="Deployment successful. DEPLOYMENTINFO: deploymentPath = Functions App ZipDeploy. Run from package., deployer = ZipDeploy, os = windows, sku = Dynamic, language = node, siteName = podcast-gen-api, slotName = Production, siteHostName = podcast-gen-api.azurewebsites.net, deploymentStatus = Success" date="2025-09-24T12:39:34.555" /><!-- duration: 31ms -->
          <step title="Purge deployment items" date="2025-09-24T12:39:35.199" >
            <step title="Remove 65086bfb9, Success, received at 9/20/2025 8:48:53 PM" date="2025-09-24T12:39:35.449" /><!-- duration: 31ms -->
          </step><!-- duration: 297ms -->
        </step><!-- duration: 1973ms -->
      </step><!-- duration: 3113ms -->
      <step title="Cleaning up temp files" date="2025-09-24T12:39:35.637" /><!-- duration: 16ms -->
      <step title="Updating C:\home\data\SitePackages\packagename.txt with deployment 20250924123923.zip" date="2025-09-24T12:39:35.668" /><!-- duration: 47ms -->
      <step title="Begin HttpPost https://podcast-gen-api.scm.azurewebsites.net/operations/settriggers, x-ms-request-id: 23f0175e-d71d-4b59-9094-bc8ec99d14e7" date="2025-09-24T12:39:35.777" /><!-- duration: 16ms -->
      <step title="End HttpPost, status: OK" date="2025-09-24T12:39:36.043" /><!-- duration: 34ms -->
      <step title="Scheduling background sync triggers after delay" date="2025-09-24T12:39:36.106" /><!-- duration: 16ms -->
    </step><!-- duration: 8285ms -->
    <step title="LockFile &apos;C:\home\site\locks\deployments.lock&apos; released" date="2025-09-24T12:39:36.324" /><!-- duration: 31ms -->
  </step><!-- duration: 13165ms -->
  <step title="Outgoing response" date="2025-09-24T12:39:36.418" type="response" statusCode="200" statusText="OK" Server="Microsoft-IIS/10.0" x-ms-request-id="23f0175e-d71d-4b59-9094-bc8ec99d14e7" Cache-Control="private" X-AspNet-Version="4.0.30319" /><!-- duration: 31ms -->
</step><!-- duration: 13290ms -->
