<step title="Incoming Request" date="2025-09-20T22:39:16.149" instance="200763" url="/api/zipdeploy?author=ms-azuretools-vscode&amp;deployer=ms-azuretools-vscode&amp;isAsync=true&amp;trackDeploymentId=true" method="POST" type="request" pid="1204,2,7" Connection="Keep-Alive" Transfer-Encoding="chunked" Accept-Encoding="gzip,deflate" Accept-Language="en" Authorization="Bea..." Host="podcast-gen-api.scm.azurewebsites.net" User-Agent="vscode-azurefunctions/1.19.0 core-rest-pipeline/1.19.1 Node/20.19.1 OS/(arm64-Darwin-24.6.0)" x-ms-correlation-request-id="541f38c0-da11-4654-a480-162a66f938d8" x-ms-client-request-id="fae33df1-b429-462d-9cb4-972aac32727c" X-ARR-LOG-ID="fae33df1-b429-462d-9cb4-972aac32727c" CLIENT-IP="24.2.124.100:58321" X-SITE-DEPLOYMENT-ID="podcast-gen-api" WAS-DEFAULT-HOSTNAME="podcast-gen-api.scm.azurewebsites.net" X-Forwarded-Proto="https" X-AppService-Proto="https" X-Forwarded-TlsVersion="1.3" X-WAWS-Unencoded-URL="/api/zipdeploy?author=ms-azuretools-vscode&amp;deployer=ms-azuretools-vscode&amp;isAsync=true&amp;trackDeploymentId=true" X-MS-COLDSTART="1" >
  <step title="ZipPushDeploy" date="2025-09-20T22:39:16.588" >
    <step title="Functions App ZipDeploy. Run from package." date="2025-09-20T22:39:16.620" /><!-- duration: 16ms -->
    <step title="Starting PushDeployAsync" date="2025-09-20T22:39:16.682" /><!-- duration: 31ms -->
    <step title="Updating shutdown sentinel last write time" date="2025-09-20T22:39:16.838" SemaphoreCount="7" /><!-- duration: 16ms -->
    <step title="LockFile &apos;C:\home\site\locks\deployments.lock&apos; acquired" date="2025-09-20T22:39:16.870" /><!-- duration: 31ms -->
    <step title="Deleting outdated zip file C:\home\data\SitePackages\20250920205259.zip" date="2025-09-20T22:39:16.932" /><!-- duration: 31ms -->
    <step title="Saving request content to C:\home\data\SitePackages\20250920223916.zip" date="2025-09-20T22:39:16.995" >
      <step title="Writing 55,644,738 bytes to C:\home\data\SitePackages\20250920223916.zip" date="2025-09-20T22:39:47.025" /><!-- duration: 31ms -->
      <step title="Total 62,009,430 bytes written to C:\home\data\SitePackages\20250920223916.zip" date="2025-09-20T22:39:50.903" /><!-- duration: 16ms -->
    </step><!-- duration: 34065ms -->
    <step title="LockFile &apos;C:\home\site\locks\deployments.lock&apos; released" date="2025-09-20T22:39:51.075" /><!-- duration: 31ms -->
    <step title="Deleting shutdown sentinel file" date="2025-09-20T22:39:51.138" SemaphoreCount="8" /><!-- duration: 31ms -->
    <step title="Starting FetchDeploy" date="2025-09-20T22:39:51.216" /><!-- duration: 16ms -->
    <step title="Start deployment in the background" date="2025-09-20T22:39:51.247" /><!-- duration: 1002ms -->
  </step><!-- duration: 35677ms -->
  <step title="Outgoing response" date="2025-09-20T22:39:52.312" type="response" statusCode="202" statusText="Accepted" Server="Microsoft-IIS/10.0" x-ms-request-id="fae33df1-b429-462d-9cb4-972aac32727c" Retry-After="30" Cache-Control="private" X-AspNet-Version="4.0.30319" Location="https://podcast-gen-api.scm.azurewebsites.net/api/deployments/latest?deployer=ms-azuretools-vscode&amp;time=2025-09-20_22-39-52Z" /><!-- duration: 31ms -->
</step><!-- duration: 36210ms -->
