<step title="Incoming Request" date="2025-09-24T13:05:21.197" instance="c2ea73" url="/api/zipdeploy?author=ms-azuretools-vscode&amp;deployer=ms-azuretools-vscode&amp;isAsync=true&amp;trackDeploymentId=true" method="POST" type="request" pid="2328,2,8" Transfer-Encoding="chunked" Accept-Encoding="gzip,deflate" Accept-Language="en" Authorization="Bea..." Host="podcast-gen-api.scm.azurewebsites.net" User-Agent="vscode-azurefunctions/1.19.0 core-rest-pipeline/1.19.1 Node/20.19.1 OS/(arm64-Darwin-24.6.0)" x-ms-correlation-request-id="28c4bb65-17eb-4071-b872-9a309927d3ff" x-ms-client-request-id="979b3df0-7d17-48cd-b052-129c687290ac" X-ARR-LOG-ID="979b3df0-7d17-48cd-b052-129c687290ac" CLIENT-IP="24.2.124.100:51354" X-SITE-DEPLOYMENT-ID="podcast-gen-api" WAS-DEFAULT-HOSTNAME="podcast-gen-api.scm.azurewebsites.net" X-Forwarded-Proto="https" X-AppService-Proto="https" X-Forwarded-TlsVersion="1.3" X-WAWS-Unencoded-URL="/api/zipdeploy?author=ms-azuretools-vscode&amp;deployer=ms-azuretools-vscode&amp;isAsync=true&amp;trackDeploymentId=true" >
  <step title="ZipPushDeploy" date="2025-09-24T13:05:21.494" >
    <step title="Functions App ZipDeploy. Run from package." date="2025-09-24T13:05:21.541" /><!-- duration: 31ms -->
    <step title="Starting PushDeployAsync" date="2025-09-24T13:05:21.588" /><!-- duration: 16ms -->
    <step title="Updating shutdown sentinel last write time" date="2025-09-24T13:05:21.666" SemaphoreCount="7" /><!-- duration: 47ms -->
    <step title="LockFile &apos;C:\home\site\locks\deployments.lock&apos; acquired" date="2025-09-24T13:05:21.744" /><!-- duration: 16ms -->
    <step title="Deleting outdated zip file C:\home\data\SitePackages\20250924125045.zip" date="2025-09-24T13:05:21.807" /><!-- duration: 78ms -->
    <step title="Saving request content to C:\home\data\SitePackages\20250924130521.zip" date="2025-09-24T13:05:21.901" >
      <step title="Total 69,116,749 bytes written to C:\home\data\SitePackages\20250924130521.zip" date="2025-09-24T13:05:30.701" /><!-- duration: 31ms -->
    </step><!-- duration: 10124ms -->
    <step title="LockFile &apos;C:\home\site\locks\deployments.lock&apos; released" date="2025-09-24T13:05:32.071" /><!-- duration: 47ms -->
    <step title="Deleting shutdown sentinel file" date="2025-09-24T13:05:32.172" SemaphoreCount="8" /><!-- duration: 24ms -->
    <step title="Starting FetchDeploy" date="2025-09-24T13:05:32.227" /><!-- duration: 16ms -->
    <step title="Start deployment in the background" date="2025-09-24T13:05:32.274" /><!-- duration: 422ms -->
  </step><!-- duration: 11217ms -->
  <step title="Outgoing response" date="2025-09-24T13:05:32.743" type="response" statusCode="202" statusText="Accepted" Server="Microsoft-IIS/10.0" x-ms-request-id="979b3df0-7d17-48cd-b052-129c687290ac" Retry-After="30" Cache-Control="private" X-AspNet-Version="4.0.30319" Location="https://podcast-gen-api.scm.azurewebsites.net/api/deployments/latest?deployer=ms-azuretools-vscode&amp;time=2025-09-24_13-05-32Z" /><!-- duration: 16ms -->
</step><!-- duration: 11577ms -->
