<step title="Incoming Request" date="2025-09-24T12:57:15.682" instance="c2ea73" url="/api/zipdeploy?author=ms-azuretools-vscode&amp;deployer=ms-azuretools-vscode&amp;isAsync=true&amp;trackDeploymentId=true" method="POST" type="request" pid="1416,2,8" Transfer-Encoding="chunked" Accept-Encoding="gzip,deflate" Accept-Language="en" Authorization="Bea..." Host="podcast-gen-api.scm.azurewebsites.net" User-Agent="vscode-azurefunctions/1.19.0 core-rest-pipeline/1.19.1 Node/20.19.1 OS/(arm64-Darwin-24.6.0)" x-ms-correlation-request-id="1a33d845-a309-45ef-b1be-02f93531609e" x-ms-client-request-id="473cddc0-0779-4671-b07f-93c74131783c" X-ARR-LOG-ID="473cddc0-0779-4671-b07f-93c74131783c" CLIENT-IP="24.2.124.100:51124" X-SITE-DEPLOYMENT-ID="podcast-gen-api" WAS-DEFAULT-HOSTNAME="podcast-gen-api.scm.azurewebsites.net" X-Forwarded-Proto="https" X-AppService-Proto="https" X-Forwarded-TlsVersion="1.3" X-WAWS-Unencoded-URL="/api/zipdeploy?author=ms-azuretools-vscode&amp;deployer=ms-azuretools-vscode&amp;isAsync=true&amp;trackDeploymentId=true" >
  <step title="ZipPushDeploy" date="2025-09-24T12:57:15.963" >
    <step title="Functions App ZipDeploy. Run from package." date="2025-09-24T12:57:16.010" /><!-- duration: 16ms -->
    <step title="Starting PushDeployAsync" date="2025-09-24T12:57:16.057" /><!-- duration: 31ms -->
    <step title="Updating shutdown sentinel last write time" date="2025-09-24T12:57:16.166" SemaphoreCount="7" /><!-- duration: 16ms -->
    <step title="LockFile &apos;C:\home\site\locks\deployments.lock&apos; acquired" date="2025-09-24T12:57:16.213" /><!-- duration: 16ms -->
    <step title="Deleting outdated zip file C:\home\data\SitePackages\20250924123724.zip" date="2025-09-24T12:57:16.260" /><!-- duration: 78ms -->
    <step title="Saving request content to C:\home\data\SitePackages\20250924125716.zip" date="2025-09-24T12:57:16.354" >
      <step title="Total 69,112,478 bytes written to C:\home\data\SitePackages\20250924125716.zip" date="2025-09-24T12:57:27.838" /><!-- duration: 47ms -->
    </step><!-- duration: 11875ms -->
    <step title="LockFile &apos;C:\home\site\locks\deployments.lock&apos; released" date="2025-09-24T12:57:28.260" /><!-- duration: 31ms -->
    <step title="Deleting shutdown sentinel file" date="2025-09-24T12:57:28.338" SemaphoreCount="8" /><!-- duration: 31ms -->
    <step title="Starting FetchDeploy" date="2025-09-24T12:57:28.385" /><!-- duration: 16ms -->
    <step title="Start deployment in the background" date="2025-09-24T12:57:28.432" /><!-- duration: 453ms -->
  </step><!-- duration: 12938ms -->
  <step title="Outgoing response" date="2025-09-24T12:57:28.932" type="response" statusCode="202" statusText="Accepted" Server="Microsoft-IIS/10.0" x-ms-request-id="473cddc0-0779-4671-b07f-93c74131783c" Retry-After="30" Cache-Control="private" X-AspNet-Version="4.0.30319" Location="https://podcast-gen-api.scm.azurewebsites.net/api/deployments/latest?deployer=ms-azuretools-vscode&amp;time=2025-09-24_12-57-28Z" /><!-- duration: 15ms -->
</step><!-- duration: 13297ms -->
