<step title="Incoming Request" date="2025-09-24T12:33:44.717" instance="c2ea73" url="/api/zipdeploy" method="POST" type="request" pid="3160,2,8" Content-Length="58692735" Content-Type="application/zip" Authorization="Bea..." Host="podcast-gen-api.scm.azurewebsites.net" If-Match="*" User-Agent="functions-core-tools/4.2.2" X-ARR-LOG-ID="cadd1def-77ef-4b0e-bc52-44781c55420a" CLIENT-IP="24.2.124.100:50579" X-SITE-DEPLOYMENT-ID="podcast-gen-api" WAS-DEFAULT-HOSTNAME="podcast-gen-api.scm.azurewebsites.net" X-Forwarded-Proto="https" X-AppService-Proto="https" X-Forwarded-TlsVersion="1.2" X-WAWS-Unencoded-URL="/api/zipdeploy" >
  <step title="ZipPushDeploy" date="2025-09-24T12:33:45.014" >
    <step title="Functions App ZipDeploy. Run from package." date="2025-09-24T12:33:45.061" /><!-- duration: 31ms -->
    <step title="Starting PushDeployAsync" date="2025-09-24T12:33:45.108" /><!-- duration: 16ms -->
    <step title="Updating shutdown sentinel last write time" date="2025-09-24T12:33:45.217" SemaphoreCount="7" /><!-- duration: 16ms -->
    <step title="LockFile &apos;C:\home\site\locks\deployments.lock&apos; acquired" date="2025-09-24T12:33:45.264" /><!-- duration: 16ms -->
    <step title="Deleting outdated zip file C:\home\data\SitePackages\20250920224306.zip" date="2025-09-24T12:33:45.327" /><!-- duration: 47ms -->
    <step title="Saving request content to C:\home\data\SitePackages\20250924123345.zip" date="2025-09-24T12:33:45.389" >
      <step title="Total 58,692,735 bytes written to C:\home\data\SitePackages\20250924123345.zip" date="2025-09-24T12:33:48.405" /><!-- duration: 16ms -->
    </step><!-- duration: 6616ms -->
    <step title="LockFile &apos;C:\home\site\locks\deployments.lock&apos; released" date="2025-09-24T12:33:52.037" /><!-- duration: 32ms -->
    <step title="Deleting shutdown sentinel file" date="2025-09-24T12:33:52.130" SemaphoreCount="8" /><!-- duration: 16ms -->
    <step title="Starting FetchDeploy" date="2025-09-24T12:33:52.161" /><!-- duration: 16ms -->
    <step title="Attempting to fetch target branch HEAD" date="2025-09-24T12:33:52.208" /><!-- duration: 31ms -->
    <step title="Updating shutdown sentinel last write time" date="2025-09-24T12:33:52.271" SemaphoreCount="7" /><!-- duration: 16ms -->
    <step title="LockFile &apos;C:\home\site\locks\deployments.lock&apos; acquired" date="2025-09-24T12:33:52.333" /><!-- duration: 16ms -->
    <step title="Performing fetch based deployment" date="2025-09-24T12:33:52.380" >
      <step title="Creating temporary deployment" date="2025-09-24T12:33:52.396" /><!-- duration: 172ms -->
      <step title="Fetching changes." date="2025-09-24T12:33:52.802" /><!-- duration: 16ms -->
      <step title="Starting LocalZipHandler" date="2025-09-24T12:33:52.865" /><!-- duration: 31ms -->
      <step title="Starting ExtractTriggers" date="2025-09-24T12:33:52.911" /><!-- duration: 31ms -->
      <step title="None repository commit" date="2025-09-24T12:33:56.678" >
        <step title="Commit id: 1f858737f4d24c6b9ec09db83af58722" date="2025-09-24T12:33:56.709" Message="Created via a push deployment" AuthorName="N/A" AuthorEmail="N/A" /><!-- duration: 31ms -->
      </step><!-- duration: 78ms -->
      <step title="Before sending BuildRequestReceived status to /api/updatedeploystatus" date="2025-09-24T12:33:56.772" /><!-- duration: 31ms -->
      <step title="DeploymentManager.Deploy(id:1f858737f4d24c6b9ec09db83af58722)" date="2025-09-24T12:33:56.819" >
        <step title="Collecting changeset information" date="2025-09-24T12:33:56.881" /><!-- duration: 234ms -->
        <step title="Updating submodules" date="2025-09-24T12:33:57.131" >
          <step title="Updating submodules." date="2025-09-24T12:33:57.334" /><!-- duration: 31ms -->
        </step><!-- duration: 297ms -->
        <step title="Preparing deployment for commit id &apos;1f858737f4&apos;." date="2025-09-24T12:33:57.647" /><!-- duration: 31ms -->
        <step title="Determining deployment builder" date="2025-09-24T12:33:57.912" >
          <step title="Builder is RunFromZipSiteBuilder" date="2025-09-24T12:33:57.928" /><!-- duration: 31ms -->
        </step><!-- duration: 62ms -->
        <step title="Copying SSH keys" date="2025-09-24T12:33:58.084" /><!-- duration: 47ms -->
        <step title="Building" date="2025-09-24T12:33:58.147" >
          <step title="Skipping build. Project type: Run-From-Zip" date="2025-09-24T12:33:58.350" /><!-- duration: 16ms -->
          <step title="Skipping post build. Project type: Run-From-Zip" date="2025-09-24T12:33:58.600" /><!-- duration: 16ms -->
          <step title="Triggering recycle (preview mode disabled)." date="2025-09-24T12:33:58.850" /><!-- duration: 16ms -->
          <step title="Ignoring FS watcher based recycle request as this is a classic Windows app." date="2025-09-24T12:33:58.913" /><!-- duration: 16ms -->
          <step title="Deployment successful. DEPLOYMENTINFO: deploymentPath = Functions App ZipDeploy. Run from package., deployer = ZipDeploy, os = windows, sku = Dynamic, language = node, siteName = podcast-gen-api, slotName = Production, siteHostName = podcast-gen-api.azurewebsites.net, deploymentStatus = Success" date="2025-09-24T12:33:59.116" /><!-- duration: 16ms -->
          <step title="Purge deployment items" date="2025-09-24T12:33:59.834" >
            <step title="Remove 50f47a07f, Success, received at 9/20/2025 6:25:18 PM" date="2025-09-24T12:34:00.163" /><!-- duration: 16ms -->
          </step><!-- duration: 375ms -->
        </step><!-- duration: 2172ms -->
      </step><!-- duration: 3516ms -->
      <step title="Cleaning up temp files" date="2025-09-24T12:34:00.366" /><!-- duration: 31ms -->
      <step title="Updating C:\home\data\SitePackages\packagename.txt with deployment 20250924123345.zip" date="2025-09-24T12:34:00.413" /><!-- duration: 62ms -->
      <step title="Begin HttpPost https://podcast-gen-api.scm.azurewebsites.net/operations/settriggers, x-ms-request-id: cadd1def-77ef-4b0e-bc52-44781c55420a" date="2025-09-24T12:34:00.538" /><!-- duration: 31ms -->
      <step title="End HttpPost, status: OK" date="2025-09-24T12:34:00.881" /><!-- duration: 31ms -->
      <step title="Scheduling background sync triggers after delay" date="2025-09-24T12:34:00.928" /><!-- duration: 31ms -->
    </step><!-- duration: 8814ms -->
    <step title="LockFile &apos;C:\home\site\locks\deployments.lock&apos; released" date="2025-09-24T12:34:01.225" /><!-- duration: 31ms -->
  </step><!-- duration: 16289ms -->
  <step title="Outgoing response" date="2025-09-24T12:34:01.366" type="response" statusCode="200" statusText="OK" Server="Microsoft-IIS/10.0" x-ms-request-id="cadd1def-77ef-4b0e-bc52-44781c55420a" Cache-Control="private" X-AspNet-Version="4.0.30319" /><!-- duration: 31ms -->
</step><!-- duration: 16695ms -->
