<step title="Incoming Request" date="2025-09-24T12:37:24.031" instance="c2ea73" url="/api/zipdeploy" method="POST" type="request" pid="6208,2,8" Content-Length="58692669" Content-Type="application/zip" Authorization="Bea..." Host="podcast-gen-api.scm.azurewebsites.net" If-Match="*" User-Agent="functions-core-tools/4.2.2" X-ARR-LOG-ID="de8f2652-bac0-4431-9d55-c141badecd00" CLIENT-IP="24.2.124.100:50632" X-SITE-DEPLOYMENT-ID="podcast-gen-api" WAS-DEFAULT-HOSTNAME="podcast-gen-api.scm.azurewebsites.net" X-Forwarded-Proto="https" X-AppService-Proto="https" X-Forwarded-TlsVersion="1.2" X-WAWS-Unencoded-URL="/api/zipdeploy" >
  <step title="ZipPushDeploy" date="2025-09-24T12:37:24.125" >
    <step title="Functions App ZipDeploy. Run from package." date="2025-09-24T12:37:24.172" /><!-- duration: 125ms -->
    <step title="Starting PushDeployAsync" date="2025-09-24T12:37:24.328" /><!-- duration: 16ms -->
    <step title="Updating shutdown sentinel last write time" date="2025-09-24T12:37:24.391" SemaphoreCount="7" /><!-- duration: 16ms -->
    <step title="LockFile &apos;C:\home\site\locks\deployments.lock&apos; acquired" date="2025-09-24T12:37:24.438" /><!-- duration: 16ms -->
    <step title="Deleting outdated zip file C:\home\data\SitePackages\20250920225135.zip" date="2025-09-24T12:37:24.500" /><!-- duration: 47ms -->
    <step title="Saving request content to C:\home\data\SitePackages\20250924123724.zip" date="2025-09-24T12:37:24.563" >
      <step title="Total 58,692,669 bytes written to C:\home\data\SitePackages\20250924123724.zip" date="2025-09-24T12:37:27.253" /><!-- duration: 16ms -->
    </step><!-- duration: 5039ms -->
    <step title="LockFile &apos;C:\home\site\locks\deployments.lock&apos; released" date="2025-09-24T12:37:29.633" /><!-- duration: 16ms -->
    <step title="Deleting shutdown sentinel file" date="2025-09-24T12:37:29.695" SemaphoreCount="8" /><!-- duration: 47ms -->
    <step title="Starting FetchDeploy" date="2025-09-24T12:37:29.773" /><!-- duration: 16ms -->
    <step title="Attempting to fetch target branch HEAD" date="2025-09-24T12:37:29.820" /><!-- duration: 31ms -->
    <step title="Updating shutdown sentinel last write time" date="2025-09-24T12:37:29.898" SemaphoreCount="7" /><!-- duration: 31ms -->
    <step title="LockFile &apos;C:\home\site\locks\deployments.lock&apos; acquired" date="2025-09-24T12:37:29.945" /><!-- duration: 31ms -->
    <step title="Performing fetch based deployment" date="2025-09-24T12:37:29.992" >
      <step title="Creating temporary deployment" date="2025-09-24T12:37:30.023" /><!-- duration: 156ms -->
      <step title="Fetching changes." date="2025-09-24T12:37:30.398" /><!-- duration: 16ms -->
      <step title="Starting LocalZipHandler" date="2025-09-24T12:37:30.476" /><!-- duration: 16ms -->
      <step title="Starting ExtractTriggers" date="2025-09-24T12:37:30.523" /><!-- duration: 15ms -->
      <step title="None repository commit" date="2025-09-24T12:37:34.509" >
        <step title="Commit id: 5889d33c9851433b9391665885723ddd" date="2025-09-24T12:37:34.525" Message="Created via a push deployment" AuthorName="N/A" AuthorEmail="N/A" /><!-- duration: 32ms -->
      </step><!-- duration: 63ms -->
      <step title="Before sending BuildRequestReceived status to /api/updatedeploystatus" date="2025-09-24T12:37:34.603" /><!-- duration: 16ms -->
      <step title="DeploymentManager.Deploy(id:5889d33c9851433b9391665885723ddd)" date="2025-09-24T12:37:34.634" >
        <step title="Collecting changeset information" date="2025-09-24T12:37:34.697" /><!-- duration: 156ms -->
        <step title="Updating submodules" date="2025-09-24T12:37:34.869" >
          <step title="Updating submodules." date="2025-09-24T12:37:35.119" /><!-- duration: 31ms -->
        </step><!-- duration: 344ms -->
        <step title="Preparing deployment for commit id &apos;5889d33c98&apos;." date="2025-09-24T12:37:35.415" /><!-- duration: 16ms -->
        <step title="Determining deployment builder" date="2025-09-24T12:37:35.650" >
          <step title="Builder is RunFromZipSiteBuilder" date="2025-09-24T12:37:35.681" /><!-- duration: 16ms -->
        </step><!-- duration: 78ms -->
        <step title="Copying SSH keys" date="2025-09-24T12:37:35.822" /><!-- duration: 47ms -->
        <step title="Building" date="2025-09-24T12:37:35.884" >
          <step title="Skipping build. Project type: Run-From-Zip" date="2025-09-24T12:37:36.103" /><!-- duration: 16ms -->
          <step title="Skipping post build. Project type: Run-From-Zip" date="2025-09-24T12:37:36.384" /><!-- duration: 31ms -->
          <step title="Triggering recycle (preview mode disabled)." date="2025-09-24T12:37:36.634" /><!-- duration: 16ms -->
          <step title="Ignoring FS watcher based recycle request as this is a classic Windows app." date="2025-09-24T12:37:36.712" /><!-- duration: 16ms -->
          <step title="Deployment successful. DEPLOYMENTINFO: deploymentPath = Functions App ZipDeploy. Run from package., deployer = ZipDeploy, os = windows, sku = Dynamic, language = node, siteName = podcast-gen-api, slotName = Production, siteHostName = podcast-gen-api.azurewebsites.net, deploymentStatus = Success" date="2025-09-24T12:37:36.931" /><!-- duration: 31ms -->
          <step title="Purge deployment items" date="2025-09-24T12:37:37.634" >
            <step title="Remove 1e4af6372, Success, received at 9/20/2025 6:40:52 PM" date="2025-09-24T12:37:37.900" /><!-- duration: 16ms -->
          </step><!-- duration: 312ms -->
        </step><!-- duration: 2141ms -->
      </step><!-- duration: 3406ms -->
      <step title="Cleaning up temp files" date="2025-09-24T12:37:38.087" /><!-- duration: 31ms -->
      <step title="Updating C:\home\data\SitePackages\packagename.txt with deployment 20250924123724.zip" date="2025-09-24T12:37:38.134" /><!-- duration: 63ms -->
      <step title="Begin HttpPost https://podcast-gen-api.scm.azurewebsites.net/operations/settriggers, x-ms-request-id: de8f2652-bac0-4431-9d55-c141badecd00" date="2025-09-24T12:37:38.259" /><!-- duration: 16ms -->
      <step title="End HttpPost, status: OK" date="2025-09-24T12:37:38.509" /><!-- duration: 31ms -->
      <step title="Scheduling background sync triggers after delay" date="2025-09-24T12:37:38.556" /><!-- duration: 16ms -->
    </step><!-- duration: 8767ms -->
    <step title="LockFile &apos;C:\home\site\locks\deployments.lock&apos; released" date="2025-09-24T12:37:38.790" /><!-- duration: 16ms -->
  </step><!-- duration: 14728ms -->
  <step title="Outgoing response" date="2025-09-24T12:37:38.869" type="response" statusCode="200" statusText="OK" Server="Microsoft-IIS/10.0" x-ms-request-id="de8f2652-bac0-4431-9d55-c141badecd00" Cache-Control="private" X-AspNet-Version="4.0.30319" /><!-- duration: 16ms -->
</step><!-- duration: 14884ms -->
