<step title="BackgroundTrace" date="2025-09-20T22:52:17.579" instance="200763" url="/api/zipdeploy" method="POST" >
  <step title="Cleanup Xml Logs" date="2025-09-20T22:52:17.594" /><!-- duration: 31ms -->
  <step title="Updating shutdown sentinel last write time" date="2025-09-20T22:52:17.704" SemaphoreCount="7" /><!-- duration: 16ms -->
  <step title="LockFile &apos;C:\home\site\locks\deployments.lock&apos; acquired" date="2025-09-20T22:52:17.751" /><!-- duration: 16ms -->
  <step title="Creating temporary deployment" date="2025-09-20T22:52:17.782" /><!-- duration: 141ms -->
  <step title="Performing fetch based deployment" date="2025-09-20T22:52:17.938" >
    <step title="Fetching changes." date="2025-09-20T22:52:18.157" /><!-- duration: 16ms -->
    <step title="Starting LocalZipHandler" date="2025-09-20T22:52:18.204" /><!-- duration: 16ms -->
    <step title="Starting ExtractTriggers" date="2025-09-20T22:52:18.235" /><!-- duration: 31ms -->
    <step title="Before sending BuildRequestReceived status to /api/updatedeploystatus" date="2025-09-20T22:52:21.284" /><!-- duration: 31ms -->
    <step title="DeploymentManager.Deploy(id:8d34d4171dfa44a5a508d03290ddccee)" date="2025-09-20T22:52:21.330" >
      <step title="Collecting changeset information" date="2025-09-20T22:52:21.377" /><!-- duration: 187ms -->
      <step title="Updating submodules" date="2025-09-20T22:52:21.581" >
        <step title="Updating submodules." date="2025-09-20T22:52:21.768" /><!-- duration: 16ms -->
      </step><!-- duration: 234ms -->
      <step title="Preparing deployment for commit id &apos;8d34d4171d&apos;." date="2025-09-20T22:52:22.018" /><!-- duration: 16ms -->
      <step title="Determining deployment builder" date="2025-09-20T22:52:22.502" >
        <step title="Builder is RunFromZipSiteBuilder" date="2025-09-20T22:52:22.518" /><!-- duration: 16ms -->
      </step><!-- duration: 63ms -->
      <step title="Copying SSH keys" date="2025-09-20T22:52:22.612" /><!-- duration: 31ms -->
      <step title="Building" date="2025-09-20T22:52:22.659" >
        <step title="Skipping build. Project type: Run-From-Zip" date="2025-09-20T22:52:22.830" /><!-- duration: 16ms -->
        <step title="Skipping post build. Project type: Run-From-Zip" date="2025-09-20T22:52:23.018" /><!-- duration: 16ms -->
        <step title="Triggering recycle (preview mode disabled)." date="2025-09-20T22:52:23.237" /><!-- duration: 16ms -->
        <step title="Ignoring FS watcher based recycle request as this is a classic Windows app." date="2025-09-20T22:52:23.268" /><!-- duration: 31ms -->
        <step title="Deployment successful. DEPLOYMENTINFO: deploymentPath = Functions App ZipDeploy. Run from package., deployer = ms-azuretools-vscode, os = windows, sku = Dynamic, language = node, siteName = podcast-gen-api, slotName = Production, siteHostName = podcast-gen-api.azurewebsites.net, deploymentStatus = Success" date="2025-09-20T22:52:23.471" /><!-- duration: 16ms -->
        <step title="Purge deployment items" date="2025-09-20T22:52:23.815" >
          <step title="Remove e4e6825e3, Success, received at 9/20/2025 5:58:08 PM" date="2025-09-20T22:52:24.065" /><!-- duration: 31ms -->
        </step><!-- duration: 297ms -->
      </step><!-- duration: 1798ms -->
    </step><!-- duration: 3157ms -->
    <step title="Cleaning up temp files" date="2025-09-20T22:52:24.503" /><!-- duration: 31ms -->
    <step title="Updating C:\home\data\SitePackages\packagename.txt with deployment 20250920225135.zip" date="2025-09-20T22:52:24.566" /><!-- duration: 47ms -->
    <step title="Begin HttpPost https://podcast-gen-api.scm.azurewebsites.net/operations/settriggers, x-ms-request-id: 87454501-6fb2-4354-94a2-cd0601735a9d" date="2025-09-20T22:52:24.659" /><!-- duration: 31ms -->
    <step title="End HttpPost, status: OK" date="2025-09-20T22:52:24.831" /><!-- duration: 16ms -->
    <step title="Scheduling background sync triggers after delay" date="2025-09-20T22:52:24.863" /><!-- duration: 31ms -->
  </step><!-- duration: 7034ms -->
  <step title="LockFile &apos;C:\home\site\locks\deployments.lock&apos; released" date="2025-09-20T22:52:25.003" /><!-- duration: 16ms -->
</step><!-- duration: 7487ms -->
