<step title="Incoming Request" date="2025-09-20T22:51:35.331" instance="200763" url="/api/zipdeploy?author=ms-azuretools-vscode&amp;deployer=ms-azuretools-vscode&amp;isAsync=true&amp;trackDeploymentId=true" method="POST" type="request" pid="3552,2,9" Transfer-Encoding="chunked" Accept-Encoding="gzip,deflate" Accept-Language="en" Authorization="Bea..." Host="podcast-gen-api.scm.azurewebsites.net" User-Agent="vscode-azurefunctions/1.19.0 core-rest-pipeline/1.19.1 Node/20.19.1 OS/(arm64-Darwin-24.6.0)" x-ms-correlation-request-id="435c86ca-487f-48cb-b799-19958619266c" x-ms-client-request-id="87454501-6fb2-4354-94a2-cd0601735a9d" X-ARR-LOG-ID="87454501-6fb2-4354-94a2-cd0601735a9d" CLIENT-IP="24.2.124.100:59616" X-SITE-DEPLOYMENT-ID="podcast-gen-api" WAS-DEFAULT-HOSTNAME="podcast-gen-api.scm.azurewebsites.net" X-Forwarded-Proto="https" X-AppService-Proto="https" X-Forwarded-TlsVersion="1.3" X-WAWS-Unencoded-URL="/api/zipdeploy?author=ms-azuretools-vscode&amp;deployer=ms-azuretools-vscode&amp;isAsync=true&amp;trackDeploymentId=true" >
  <step title="ZipPushDeploy" date="2025-09-20T22:51:35.503" >
    <step title="Functions App ZipDeploy. Run from package." date="2025-09-20T22:51:35.550" /><!-- duration: 16ms -->
    <step title="Starting PushDeployAsync" date="2025-09-20T22:51:35.581" /><!-- duration: 16ms -->
    <step title="Updating shutdown sentinel last write time" date="2025-09-20T22:51:35.660" SemaphoreCount="7" /><!-- duration: 16ms -->
    <step title="LockFile &apos;C:\home\site\locks\deployments.lock&apos; acquired" date="2025-09-20T22:51:35.691" /><!-- duration: 16ms -->
    <step title="Deleting outdated zip file C:\home\data\SitePackages\20250920210905.zip" date="2025-09-20T22:51:35.753" /><!-- duration: 31ms -->
    <step title="Saving request content to C:\home\data\SitePackages\20250920225135.zip" date="2025-09-20T22:51:35.800" >
      <step title="Writing 48,261,250 bytes to C:\home\data\SitePackages\20250920225135.zip" date="2025-09-20T22:52:05.837" /><!-- duration: 31ms -->
      <step title="Total 62,023,551 bytes written to C:\home\data\SitePackages\20250920225135.zip" date="2025-09-20T22:52:17.163" /><!-- duration: 31ms -->
    </step><!-- duration: 41591ms -->
    <step title="LockFile &apos;C:\home\site\locks\deployments.lock&apos; released" date="2025-09-20T22:52:17.407" /><!-- duration: 31ms -->
    <step title="Deleting shutdown sentinel file" date="2025-09-20T22:52:17.485" SemaphoreCount="8" /><!-- duration: 16ms -->
    <step title="Starting FetchDeploy" date="2025-09-20T22:52:17.516" /><!-- duration: 31ms -->
    <step title="Start deployment in the background" date="2025-09-20T22:52:17.563" /><!-- duration: 375ms -->
  </step><!-- duration: 42466ms -->
  <step title="Outgoing response" date="2025-09-20T22:52:17.985" type="response" statusCode="202" statusText="Accepted" Server="Microsoft-IIS/10.0" x-ms-request-id="87454501-6fb2-4354-94a2-cd0601735a9d" Retry-After="30" Cache-Control="private" X-AspNet-Version="4.0.30319" Location="https://podcast-gen-api.scm.azurewebsites.net/api/deployments/latest?deployer=ms-azuretools-vscode&amp;time=2025-09-20_22-52-17Z" /><!-- duration: 17ms -->
</step><!-- duration: 42685ms -->
