<step title="BackgroundTrace" date="2025-09-25T02:26:10.039" instance="5b5a53" url="/api/zipdeploy" method="POST" >
  <step title="Cleanup Xml Logs" date="2025-09-25T02:26:10.070" /><!-- duration: 47ms -->
  <step title="Updating shutdown sentinel last write time" date="2025-09-25T02:26:10.179" SemaphoreCount="7" /><!-- duration: 31ms -->
  <step title="LockFile &apos;C:\home\site\locks\deployments.lock&apos; acquired" date="2025-09-25T02:26:10.242" /><!-- duration: 16ms -->
  <step title="Creating temporary deployment" date="2025-09-25T02:26:10.273" /><!-- duration: 156ms -->
  <step title="Performing fetch based deployment" date="2025-09-25T02:26:10.445" >
    <step title="Fetching changes." date="2025-09-25T02:26:10.680" /><!-- duration: 31ms -->
    <step title="Starting LocalZipHandler" date="2025-09-25T02:26:10.727" /><!-- duration: 16ms -->
    <step title="Starting ExtractTriggers" date="2025-09-25T02:26:10.789" /><!-- duration: 16ms -->
    <step title="Before sending BuildRequestReceived status to /api/updatedeploystatus" date="2025-09-25T02:26:14.742" /><!-- duration: 16ms -->
    <step title="DeploymentManager.Deploy(id:56288ddee1a946fbb01dc47f315c8a73)" date="2025-09-25T02:26:14.789" >
      <step title="Collecting changeset information" date="2025-09-25T02:26:14.820" /><!-- duration: 156ms -->
      <step title="Updating submodules" date="2025-09-25T02:26:14.992" >
        <step title="Updating submodules." date="2025-09-25T02:26:15.195" /><!-- duration: 16ms -->
      </step><!-- duration: 250ms -->
      <step title="Preparing deployment for commit id &apos;56288ddee1&apos;." date="2025-09-25T02:26:15.555" /><!-- duration: 16ms -->
      <step title="Determining deployment builder" date="2025-09-25T02:26:15.774" >
        <step title="Builder is RunFromZipSiteBuilder" date="2025-09-25T02:26:15.789" /><!-- duration: 31ms -->
      </step><!-- duration: 62ms -->
      <step title="Copying SSH keys" date="2025-09-25T02:26:15.914" /><!-- duration: 31ms -->
      <step title="Building" date="2025-09-25T02:26:15.977" >
        <step title="Skipping build. Project type: Run-From-Zip" date="2025-09-25T02:26:16.180" /><!-- duration: 16ms -->
        <step title="Skipping post build. Project type: Run-From-Zip" date="2025-09-25T02:26:16.399" /><!-- duration: 31ms -->
        <step title="Triggering recycle (preview mode disabled)." date="2025-09-25T02:26:16.664" /><!-- duration: 16ms -->
        <step title="Ignoring FS watcher based recycle request as this is a classic Windows app." date="2025-09-25T02:26:16.696" /><!-- duration: 63ms -->
        <step title="Deployment successful. DEPLOYMENTINFO: deploymentPath = Functions App ZipDeploy. Run from package., deployer = ms-azuretools-vscode, os = windows, sku = Dynamic, language = node, siteName = podcast-gen-api, slotName = Production, siteHostName = podcast-gen-api.azurewebsites.net, deploymentStatus = Success" date="2025-09-25T02:26:16.978" /><!-- duration: 16ms -->
        <step title="Purge deployment items" date="2025-09-25T02:26:17.306" >
          <step title="Remove 46951b834, Success, received at 9/24/2025 7:33:38 PM" date="2025-09-25T02:26:17.572" /><!-- duration: 31ms -->
        </step><!-- duration: 312ms -->
      </step><!-- duration: 1782ms -->
    </step><!-- duration: 3439ms -->
    <step title="Cleaning up temp files" date="2025-09-25T02:26:18.243" /><!-- duration: 31ms -->
    <step title="Updating C:\home\data\SitePackages\packagename.txt with deployment 20250925022559.zip" date="2025-09-25T02:26:18.290" /><!-- duration: 63ms -->
    <step title="Begin HttpPost https://podcast-gen-api.scm.azurewebsites.net/operations/settriggers, x-ms-request-id: bebd1251-6ae3-455f-9b48-3367912cbe73" date="2025-09-25T02:26:18.431" /><!-- duration: 16ms -->
    <step title="End HttpPost, status: OK" date="2025-09-25T02:26:18.790" /><!-- duration: 31ms -->
    <step title="Scheduling background sync triggers after delay" date="2025-09-25T02:26:18.837" /><!-- duration: 16ms -->
  </step><!-- duration: 8502ms -->
  <step title="LockFile &apos;C:\home\site\locks\deployments.lock&apos; released" date="2025-09-25T02:26:18.962" /><!-- duration: 31ms -->
</step><!-- duration: 9002ms -->
