<step title="Incoming Request" date="2025-09-24T19:35:32.130" instance="16ed5e" url="/api/zipdeploy" method="POST" type="request" pid="6352,2,18" Content-Length="58703561" Content-Type="application/zip" Authorization="Bea..." Host="podcast-gen-api.scm.azurewebsites.net" If-Match="*" User-Agent="functions-core-tools/4.2.2" X-ARR-LOG-ID="30c43a14-9c73-414f-8c85-588e52f37d85" CLIENT-IP="24.2.124.100:54664" X-SITE-DEPLOYMENT-ID="podcast-gen-api" WAS-DEFAULT-HOSTNAME="podcast-gen-api.scm.azurewebsites.net" X-Forwarded-Proto="https" X-AppService-Proto="https" X-Forwarded-TlsVersion="1.2" X-WAWS-Unencoded-URL="/api/zipdeploy" >
  <step title="ZipPushDeploy" date="2025-09-24T19:35:32.161" >
    <step title="Functions App ZipDeploy. Run from package." date="2025-09-24T19:35:32.192" /><!-- duration: 125ms -->
    <step title="Starting PushDeployAsync" date="2025-09-24T19:35:32.333" /><!-- duration: 16ms -->
    <step title="Updating shutdown sentinel last write time" date="2025-09-24T19:35:32.395" SemaphoreCount="6" /><!-- duration: 31ms -->
    <step title="LockFile &apos;C:\home\site\locks\deployments.lock&apos; acquired" date="2025-09-24T19:35:32.458" /><!-- duration: 16ms -->
    <step title="Deleting outdated zip file C:\home\data\SitePackages\20250924193115.zip" date="2025-09-24T19:35:32.536" /><!-- duration: 47ms -->
    <step title="Saving request content to C:\home\data\SitePackages\20250924193532.zip" date="2025-09-24T19:35:32.598" >
      <step title="Total 58,703,561 bytes written to C:\home\data\SitePackages\20250924193532.zip" date="2025-09-24T19:35:42.361" /><!-- duration: 31ms -->
    </step><!-- duration: 10300ms -->
    <step title="LockFile &apos;C:\home\site\locks\deployments.lock&apos; released" date="2025-09-24T19:35:42.930" /><!-- duration: 16ms -->
    <step title="Starting FetchDeploy" date="2025-09-24T19:35:42.993" /><!-- duration: 16ms -->
    <step title="Attempting to fetch target branch HEAD" date="2025-09-24T19:35:43.039" /><!-- duration: 31ms -->
    <step title="Updating shutdown sentinel last write time" date="2025-09-24T19:35:43.133" SemaphoreCount="6" /><!-- duration: 16ms -->
    <step title="LockFile &apos;C:\home\site\locks\deployments.lock&apos; acquired" date="2025-09-24T19:35:43.164" /><!-- duration: 31ms -->
    <step title="Performing fetch based deployment" date="2025-09-24T19:35:43.227" >
      <step title="Creating temporary deployment" date="2025-09-24T19:35:43.243" /><!-- duration: 187ms -->
      <step title="Fetching changes." date="2025-09-24T19:35:43.618" /><!-- duration: 31ms -->
      <step title="Starting LocalZipHandler" date="2025-09-24T19:35:43.696" /><!-- duration: 16ms -->
      <step title="Starting ExtractTriggers" date="2025-09-24T19:35:43.758" /><!-- duration: 16ms -->
      <step title="None repository commit" date="2025-09-24T19:35:47.461" >
        <step title="Commit id: 8006d268bdbf495aaa152f5392bb5c7b" date="2025-09-24T19:35:47.493" Message="Created via a push deployment" AuthorName="N/A" AuthorEmail="N/A" /><!-- duration: 31ms -->
      </step><!-- duration: 78ms -->
      <step title="Before sending BuildRequestReceived status to /api/updatedeploystatus" date="2025-09-24T19:35:47.571" /><!-- duration: 16ms -->
      <step title="DeploymentManager.Deploy(id:8006d268bdbf495aaa152f5392bb5c7b)" date="2025-09-24T19:35:47.618" >
        <step title="Collecting changeset information" date="2025-09-24T19:35:47.649" /><!-- duration: 319ms -->
        <step title="Updating submodules" date="2025-09-24T19:35:47.981" >
          <step title="Updating submodules." date="2025-09-24T19:35:48.216" /><!-- duration: 16ms -->
        </step><!-- duration: 313ms -->
        <step title="Preparing deployment for commit id &apos;8006d268bd&apos;." date="2025-09-24T19:35:48.500" /><!-- duration: 31ms -->
        <step title="Determining deployment builder" date="2025-09-24T19:35:48.734" >
          <step title="Builder is RunFromZipSiteBuilder" date="2025-09-24T19:35:48.765" /><!-- duration: 16ms -->
        </step><!-- duration: 63ms -->
        <step title="Copying SSH keys" date="2025-09-24T19:35:48.875" /><!-- duration: 82ms -->
        <step title="Building" date="2025-09-24T19:35:48.972" >
          <step title="Skipping build. Project type: Run-From-Zip" date="2025-09-24T19:35:49.190" /><!-- duration: 16ms -->
          <step title="Skipping post build. Project type: Run-From-Zip" date="2025-09-24T19:35:49.409" /><!-- duration: 31ms -->
          <step title="Triggering recycle (preview mode disabled)." date="2025-09-24T19:35:49.644" /><!-- duration: 94ms -->
          <step title="Ignoring FS watcher based recycle request as this is a classic Windows app." date="2025-09-24T19:35:49.769" /><!-- duration: 31ms -->
          <step title="Deployment successful. DEPLOYMENTINFO: deploymentPath = Functions App ZipDeploy. Run from package., deployer = ZipDeploy, os = windows, sku = Dynamic, language = node, siteName = podcast-gen-api, slotName = Production, siteHostName = podcast-gen-api.azurewebsites.net, deploymentStatus = Success" date="2025-09-24T19:35:50.209" /><!-- duration: 16ms -->
          <step title="Purge deployment items" date="2025-09-24T19:35:50.787" >
            <step title="Remove c84bbeef8, Success, received at 9/24/2025 12:51:02 PM" date="2025-09-24T19:35:51.068" /><!-- duration: 31ms -->
          </step><!-- duration: 328ms -->
        </step><!-- duration: 2362ms -->
      </step><!-- duration: 3732ms -->
      <step title="Cleaning up temp files" date="2025-09-24T19:35:51.365" /><!-- duration: 31ms -->
      <step title="Updating C:\home\data\SitePackages\packagename.txt with deployment 20250924193532.zip" date="2025-09-24T19:35:51.412" /><!-- duration: 63ms -->
      <step title="Begin HttpPost https://podcast-gen-api.scm.azurewebsites.net/operations/settriggers, x-ms-request-id: 30c43a14-9c73-414f-8c85-588e52f37d85" date="2025-09-24T19:35:51.506" /><!-- duration: 31ms -->
      <step title="End HttpPost, status: OK" date="2025-09-24T19:35:51.600" /><!-- duration: 31ms -->
      <step title="Scheduling background sync triggers after delay" date="2025-09-24T19:35:52.164" /><!-- duration: 31ms -->
    </step><!-- duration: 9156ms -->
    <step title="LockFile &apos;C:\home\site\locks\deployments.lock&apos; released" date="2025-09-24T19:35:52.414" /><!-- duration: 16ms -->
  </step><!-- duration: 20316ms -->
  <step title="Outgoing response" date="2025-09-24T19:35:52.602" type="response" statusCode="200" statusText="OK" Server="Microsoft-IIS/10.0" x-ms-request-id="30c43a14-9c73-414f-8c85-588e52f37d85" Cache-Control="private" X-AspNet-Version="4.0.30319" /><!-- duration: 16ms -->
</step><!-- duration: 20503ms -->
