<step title="BackgroundTrace" date="2025-09-24T13:02:14.597" instance="c2ea73" url="/api/zipdeploy" method="POST" >
  <step title="Cleanup Xml Logs" date="2025-09-24T13:02:14.613" /><!-- duration: 47ms -->
  <step title="Updating shutdown sentinel last write time" date="2025-09-24T13:02:14.816" SemaphoreCount="7" /><!-- duration: 31ms -->
  <step title="LockFile &apos;C:\home\site\locks\deployments.lock&apos; acquired" date="2025-09-24T13:02:14.863" /><!-- duration: 16ms -->
  <step title="Creating temporary deployment" date="2025-09-24T13:02:14.909" /><!-- duration: 188ms -->
  <step title="Performing fetch based deployment" date="2025-09-24T13:02:15.128" >
    <step title="Fetching changes." date="2025-09-24T13:02:15.331" /><!-- duration: 31ms -->
    <step title="Starting LocalZipHandler" date="2025-09-24T13:02:15.378" /><!-- duration: 16ms -->
    <step title="Starting ExtractTriggers" date="2025-09-24T13:02:15.425" /><!-- duration: 31ms -->
    <step title="Before sending BuildRequestReceived status to /api/updatedeploystatus" date="2025-09-24T13:02:19.550" /><!-- duration: 31ms -->
    <step title="DeploymentManager.Deploy(id:dd91cb2dc8bc499a86c4aaf166f84723)" date="2025-09-24T13:02:19.613" >
      <step title="Collecting changeset information" date="2025-09-24T13:02:19.660" /><!-- duration: 187ms -->
      <step title="Updating submodules" date="2025-09-24T13:02:19.878" >
        <step title="Updating submodules." date="2025-09-24T13:02:20.113" /><!-- duration: 16ms -->
      </step><!-- duration: 281ms -->
      <step title="Preparing deployment for commit id &apos;dd91cb2dc8&apos;." date="2025-09-24T13:02:20.378" /><!-- duration: 31ms -->
      <step title="Determining deployment builder" date="2025-09-24T13:02:20.597" >
        <step title="Builder is RunFromZipSiteBuilder" date="2025-09-24T13:02:20.628" /><!-- duration: 16ms -->
      </step><!-- duration: 78ms -->
      <step title="Copying SSH keys" date="2025-09-24T13:02:20.738" /><!-- duration: 47ms -->
      <step title="Building" date="2025-09-24T13:02:20.816" >
        <step title="Skipping build. Project type: Run-From-Zip" date="2025-09-24T13:02:21.035" /><!-- duration: 48ms -->
        <step title="Skipping post build. Project type: Run-From-Zip" date="2025-09-24T13:02:21.863" /><!-- duration: 31ms -->
        <step title="Triggering recycle (preview mode disabled)." date="2025-09-24T13:02:22.113" /><!-- duration: 31ms -->
        <step title="Ignoring FS watcher based recycle request as this is a classic Windows app." date="2025-09-24T13:02:22.160" /><!-- duration: 16ms -->
        <step title="Deployment successful. DEPLOYMENTINFO: deploymentPath = Functions App ZipDeploy. Run from package., deployer = ms-azuretools-vscode, os = windows, sku = Dynamic, language = node, siteName = podcast-gen-api, slotName = Production, siteHostName = podcast-gen-api.azurewebsites.net, deploymentStatus = Success" date="2025-09-24T13:02:22.410" /><!-- duration: 16ms -->
        <step title="Purge deployment items" date="2025-09-24T13:02:22.738" >
          <step title="Remove d633e016a, Success, received at 9/20/2025 9:09:35 PM" date="2025-09-24T13:02:23.019" /><!-- duration: 16ms -->
        </step><!-- duration: 332ms -->
      </step><!-- duration: 2359ms -->
    </step><!-- duration: 3578ms -->
    <step title="Cleaning up temp files" date="2025-09-24T13:02:23.222" /><!-- duration: 16ms -->
    <step title="Updating C:\home\data\SitePackages\packagename.txt with deployment 20250924130204.zip" date="2025-09-24T13:02:23.269" /><!-- duration: 63ms -->
    <step title="Begin HttpPost https://podcast-gen-api.scm.azurewebsites.net/operations/settriggers, x-ms-request-id: dfbb5def-9ef3-46e4-a3dc-d51dd0e7ad1a" date="2025-09-24T13:02:23.394" /><!-- duration: 16ms -->
    <step title="End HttpPost, status: OK" date="2025-09-24T13:02:23.722" /><!-- duration: 16ms -->
    <step title="Scheduling background sync triggers after delay" date="2025-09-24T13:02:23.769" /><!-- duration: 16ms -->
  </step><!-- duration: 8750ms -->
  <step title="LockFile &apos;C:\home\site\locks\deployments.lock&apos; released" date="2025-09-24T13:02:23.910" /><!-- duration: 16ms -->
</step><!-- duration: 9375ms -->
