<step title="Incoming Request" date="2025-09-25T01:40:34.915" instance="5b5a53" url="/api/zipdeploy?author=ms-azuretools-vscode&amp;deployer=ms-azuretools-vscode&amp;isAsync=true&amp;trackDeploymentId=true" method="POST" type="request" pid="4860,2,11" Transfer-Encoding="chunked" Accept-Encoding="gzip,deflate" Accept-Language="en" Authorization="Bea..." Host="podcast-gen-api.scm.azurewebsites.net" User-Agent="vscode-azurefunctions/1.19.0 core-rest-pipeline/1.19.1 Node/20.19.1 OS/(arm64-Darwin-24.6.0)" x-ms-correlation-request-id="fe8edb92-c44a-4b47-89fe-e8981f145660" x-ms-client-request-id="247e0f61-3d46-414b-88dc-8574bdbe786b" X-ARR-LOG-ID="247e0f61-3d46-414b-88dc-8574bdbe786b" CLIENT-IP="24.2.124.100:58350" X-SITE-DEPLOYMENT-ID="podcast-gen-api" WAS-DEFAULT-HOSTNAME="podcast-gen-api.scm.azurewebsites.net" X-Forwarded-Proto="https" X-AppService-Proto="https" X-Forwarded-TlsVersion="1.3" X-WAWS-Unencoded-URL="/api/zipdeploy?author=ms-azuretools-vscode&amp;deployer=ms-azuretools-vscode&amp;isAsync=true&amp;trackDeploymentId=true" >
  <step title="Cleanup Xml Logs" date="2025-09-25T01:40:34.930" /><!-- duration: 47ms -->
  <step title="ZipPushDeploy" date="2025-09-25T01:40:35.024" >
    <step title="Functions App ZipDeploy. Run from package." date="2025-09-25T01:40:35.071" /><!-- duration: 16ms -->
    <step title="Starting PushDeployAsync" date="2025-09-25T01:40:35.118" /><!-- duration: 16ms -->
    <step title="Updating shutdown sentinel last write time" date="2025-09-25T01:40:35.180" SemaphoreCount="6" /><!-- duration: 31ms -->
    <step title="LockFile &apos;C:\home\site\locks\deployments.lock&apos; acquired" date="2025-09-25T01:40:35.227" /><!-- duration: 16ms -->
    <step title="Deleting outdated zip file C:\home\data\SitePackages\20250924194029.zip" date="2025-09-25T01:40:35.290" /><!-- duration: 31ms -->
    <step title="Saving request content to C:\home\data\SitePackages\20250925014035.zip" date="2025-09-25T01:40:35.368" >
      <step title="Total 72,272,979 bytes written to C:\home\data\SitePackages\20250925014035.zip" date="2025-09-25T01:40:45.643" /><!-- duration: 31ms -->
    </step><!-- duration: 10807ms -->
    <step title="LockFile &apos;C:\home\site\locks\deployments.lock&apos; released" date="2025-09-25T01:40:46.206" /><!-- duration: 31ms -->
    <step title="Starting FetchDeploy" date="2025-09-25T01:40:46.268" /><!-- duration: 31ms -->
    <step title="Start deployment in the background" date="2025-09-25T01:40:46.315" /><!-- duration: 391ms -->
  </step><!-- duration: 11697ms -->
  <step title="Outgoing response" date="2025-09-25T01:40:46.753" type="response" statusCode="202" statusText="Accepted" Server="Microsoft-IIS/10.0" x-ms-request-id="247e0f61-3d46-414b-88dc-8574bdbe786b" Retry-After="30" Cache-Control="private" X-AspNet-Version="4.0.30319" Location="https://podcast-gen-api.scm.azurewebsites.net/api/deployments/latest?deployer=ms-azuretools-vscode&amp;time=2025-09-25_01-40-46Z" /><!-- duration: 16ms -->
</step><!-- duration: 11871ms -->
