<step title="BackgroundTrace" date="2025-09-24T12:50:57.558" instance="c2ea73" url="/api/zipdeploy" method="POST" >
  <step title="Cleanup Xml Logs" date="2025-09-24T12:50:57.574" /><!-- duration: 125ms -->
  <step title="Updating shutdown sentinel last write time" date="2025-09-24T12:50:57.777" SemaphoreCount="7" /><!-- duration: 16ms -->
  <step title="LockFile &apos;C:\home\site\locks\deployments.lock&apos; acquired" date="2025-09-24T12:50:57.824" /><!-- duration: 16ms -->
  <step title="Creating temporary deployment" date="2025-09-24T12:50:57.860" /><!-- duration: 120ms -->
  <step title="Performing fetch based deployment" date="2025-09-24T12:50:58.011" >
    <step title="Fetching changes." date="2025-09-24T12:50:58.230" /><!-- duration: 31ms -->
    <step title="Starting LocalZipHandler" date="2025-09-24T12:50:58.277" /><!-- duration: 16ms -->
    <step title="Starting ExtractTriggers" date="2025-09-24T12:50:58.339" /><!-- duration: 16ms -->
    <step title="Before sending BuildRequestReceived status to /api/updatedeploystatus" date="2025-09-24T12:51:02.231" /><!-- duration: 31ms -->
    <step title="DeploymentManager.Deploy(id:c84bbeef88ae4ebd82d1443350f71e3e)" date="2025-09-24T12:51:02.278" >
      <step title="Collecting changeset information" date="2025-09-24T12:51:02.325" /><!-- duration: 172ms -->
      <step title="Updating submodules" date="2025-09-24T12:51:02.528" >
        <step title="Updating submodules." date="2025-09-24T12:51:02.700" /><!-- duration: 16ms -->
      </step><!-- duration: 203ms -->
      <step title="Preparing deployment for commit id &apos;c84bbeef88&apos;." date="2025-09-24T12:51:02.981" /><!-- duration: 31ms -->
      <step title="Determining deployment builder" date="2025-09-24T12:51:03.200" >
        <step title="Builder is RunFromZipSiteBuilder" date="2025-09-24T12:51:03.217" /><!-- duration: 30ms -->
      </step><!-- duration: 62ms -->
      <step title="Copying SSH keys" date="2025-09-24T12:51:03.325" /><!-- duration: 31ms -->
      <step title="Building" date="2025-09-24T12:51:03.403" >
        <step title="Skipping build. Project type: Run-From-Zip" date="2025-09-24T12:51:03.575" /><!-- duration: 78ms -->
        <step title="Skipping post build. Project type: Run-From-Zip" date="2025-09-24T12:51:03.825" /><!-- duration: 31ms -->
        <step title="Triggering recycle (preview mode disabled)." date="2025-09-24T12:51:04.044" /><!-- duration: 63ms -->
        <step title="Ignoring FS watcher based recycle request as this is a classic Windows app." date="2025-09-24T12:51:04.137" /><!-- duration: 16ms -->
        <step title="Deployment successful. DEPLOYMENTINFO: deploymentPath = Functions App ZipDeploy. Run from package., deployer = ms-azuretools-vscode, os = windows, sku = Dynamic, language = node, siteName = podcast-gen-api, slotName = Production, siteHostName = podcast-gen-api.azurewebsites.net, deploymentStatus = Success" date="2025-09-24T12:51:04.325" /><!-- duration: 16ms -->
        <step title="Purge deployment items" date="2025-09-24T12:51:05.169" >
          <step title="Remove 1d4ffbc98, Success, received at 9/20/2025 8:53:14 PM" date="2025-09-24T12:51:05.482" /><!-- duration: 16ms -->
        </step><!-- duration: 344ms -->
      </step><!-- duration: 2204ms -->
    </step><!-- duration: 3344ms -->
    <step title="Cleaning up temp files" date="2025-09-24T12:51:05.638" /><!-- duration: 31ms -->
    <step title="Updating C:\home\data\SitePackages\packagename.txt with deployment 20250924125045.zip" date="2025-09-24T12:51:05.700" /><!-- duration: 47ms -->
    <step title="Begin HttpPost https://podcast-gen-api.scm.azurewebsites.net/operations/settriggers, x-ms-request-id: 91d768e5-d1ec-43e1-9597-8bd7dbbb3192" date="2025-09-24T12:51:05.841" /><!-- duration: 16ms -->
    <step title="End HttpPost, status: OK" date="2025-09-24T12:51:06.294" /><!-- duration: 16ms -->
    <step title="Scheduling background sync triggers after delay" date="2025-09-24T12:51:06.341" /><!-- duration: 16ms -->
  </step><!-- duration: 8424ms -->
  <step title="LockFile &apos;C:\home\site\locks\deployments.lock&apos; released" date="2025-09-24T12:51:06.466" /><!-- duration: 31ms -->
</step><!-- duration: 8970ms -->
