<step title="Incoming Request" date="2025-09-24T16:49:20.998" instance="8fbe5d" url="/api/zipdeploy" method="POST" type="request" pid="6120,2,13" Content-Length="58700598" Content-Type="application/zip" Authorization="Bea..." Host="podcast-gen-api.scm.azurewebsites.net" If-Match="*" User-Agent="functions-core-tools/4.2.2" X-ARR-LOG-ID="fe780c81-d4b1-4c3e-90b8-e9659469246d" CLIENT-IP="24.2.124.100:53558" X-SITE-DEPLOYMENT-ID="podcast-gen-api" WAS-DEFAULT-HOSTNAME="podcast-gen-api.scm.azurewebsites.net" X-Forwarded-Proto="https" X-AppService-Proto="https" X-Forwarded-TlsVersion="1.2" X-WAWS-Unencoded-URL="/api/zipdeploy" >
  <step title="ZipPushDeploy" date="2025-09-24T16:49:21.078" >
    <step title="Functions App ZipDeploy. Run from package." date="2025-09-24T16:49:21.092" /><!-- duration: 31ms -->
    <step title="Starting PushDeployAsync" date="2025-09-24T16:49:21.154" /><!-- duration: 16ms -->
    <step title="Updating shutdown sentinel last write time" date="2025-09-24T16:49:21.217" SemaphoreCount="6" /><!-- duration: 31ms -->
    <step title="LockFile &apos;C:\home\site\locks\deployments.lock&apos; acquired" date="2025-09-24T16:49:21.264" /><!-- duration: 31ms -->
    <step title="Deleting outdated zip file C:\home\data\SitePackages\20250924130521.zip" date="2025-09-24T16:49:21.342" /><!-- duration: 47ms -->
    <step title="Saving request content to C:\home\data\SitePackages\20250924164921.zip" date="2025-09-24T16:49:21.404" >
      <step title="Total 58,700,598 bytes written to C:\home\data\SitePackages\20250924164921.zip" date="2025-09-24T16:49:31.861" /><!-- duration: 31ms -->
    </step><!-- duration: 12126ms -->
    <step title="LockFile &apos;C:\home\site\locks\deployments.lock&apos; released" date="2025-09-24T16:49:33.562" /><!-- duration: 16ms -->
    <step title="Starting FetchDeploy" date="2025-09-24T16:49:33.624" /><!-- duration: 31ms -->
    <step title="Attempting to fetch target branch HEAD" date="2025-09-24T16:49:33.687" /><!-- duration: 16ms -->
    <step title="Updating shutdown sentinel last write time" date="2025-09-24T16:49:33.765" SemaphoreCount="6" /><!-- duration: 16ms -->
    <step title="LockFile &apos;C:\home\site\locks\deployments.lock&apos; acquired" date="2025-09-24T16:49:33.812" /><!-- duration: 31ms -->
    <step title="Performing fetch based deployment" date="2025-09-24T16:49:33.874" >
      <step title="Creating temporary deployment" date="2025-09-24T16:49:33.905" /><!-- duration: 156ms -->
      <step title="Fetching changes." date="2025-09-24T16:49:34.312" /><!-- duration: 16ms -->
      <step title="Starting LocalZipHandler" date="2025-09-24T16:49:34.374" /><!-- duration: 16ms -->
      <step title="Starting ExtractTriggers" date="2025-09-24T16:49:34.421" /><!-- duration: 16ms -->
      <step title="None repository commit" date="2025-09-24T16:49:38.296" >
        <step title="Commit id: e64f9c231f494a9a87f9ecfa9517a507" date="2025-09-24T16:49:38.312" Message="Created via a push deployment" AuthorName="N/A" AuthorEmail="N/A" /><!-- duration: 31ms -->
      </step><!-- duration: 63ms -->
      <step title="Before sending BuildRequestReceived status to /api/updatedeploystatus" date="2025-09-24T16:49:38.390" /><!-- duration: 31ms -->
      <step title="DeploymentManager.Deploy(id:e64f9c231f494a9a87f9ecfa9517a507)" date="2025-09-24T16:49:38.452" >
        <step title="Collecting changeset information" date="2025-09-24T16:49:38.499" /><!-- duration: 172ms -->
        <step title="Updating submodules" date="2025-09-24T16:49:38.704" >
          <step title="Updating submodules." date="2025-09-24T16:49:38.905" /><!-- duration: 31ms -->
        </step><!-- duration: 280ms -->
        <step title="Preparing deployment for commit id &apos;e64f9c231f&apos;." date="2025-09-24T16:49:39.202" /><!-- duration: 31ms -->
        <step title="Determining deployment builder" date="2025-09-24T16:49:39.452" >
          <step title="Builder is RunFromZipSiteBuilder" date="2025-09-24T16:49:39.468" /><!-- duration: 16ms -->
        </step><!-- duration: 62ms -->
        <step title="Copying SSH keys" date="2025-09-24T16:49:39.593" /><!-- duration: 47ms -->
        <step title="Building" date="2025-09-24T16:49:39.655" >
          <step title="Skipping build. Project type: Run-From-Zip" date="2025-09-24T16:49:39.921" /><!-- duration: 31ms -->
          <step title="Skipping post build. Project type: Run-From-Zip" date="2025-09-24T16:49:40.218" /><!-- duration: 16ms -->
          <step title="Triggering recycle (preview mode disabled)." date="2025-09-24T16:49:40.499" /><!-- duration: 31ms -->
          <step title="Ignoring FS watcher based recycle request as this is a classic Windows app." date="2025-09-24T16:49:40.577" /><!-- duration: 16ms -->
          <step title="Deployment successful. DEPLOYMENTINFO: deploymentPath = Functions App ZipDeploy. Run from package., deployer = ZipDeploy, os = windows, sku = Dynamic, language = node, siteName = podcast-gen-api, slotName = Production, siteHostName = podcast-gen-api.azurewebsites.net, deploymentStatus = Success" date="2025-09-24T16:49:40.812" /><!-- duration: 16ms -->
          <step title="Purge deployment items" date="2025-09-24T16:49:41.374" >
            <step title="Remove 50f8f85bc, Success, received at 9/24/2025 12:32:05 PM" date="2025-09-24T16:49:41.765" /><!-- duration: 16ms -->
          </step><!-- duration: 438ms -->
        </step><!-- duration: 2250ms -->
      </step><!-- duration: 3484ms -->
      <step title="Cleaning up temp files" date="2025-09-24T16:49:41.968" /><!-- duration: 16ms -->
      <step title="Updating C:\home\data\SitePackages\packagename.txt with deployment 20250924164921.zip" date="2025-09-24T16:49:42.046" /><!-- duration: 62ms -->
      <step title="Begin HttpPost https://podcast-gen-api.scm.azurewebsites.net/operations/settriggers, x-ms-request-id: fe780c81-d4b1-4c3e-90b8-e9659469246d" date="2025-09-24T16:49:42.140" /><!-- duration: 16ms -->
      <step title="End HttpPost, status: OK" date="2025-09-24T16:49:42.234" /><!-- duration: 16ms -->
      <step title="Scheduling background sync triggers after delay" date="2025-09-24T16:49:42.280" /><!-- duration: 16ms -->
    </step><!-- duration: 8625ms -->
    <step title="LockFile &apos;C:\home\site\locks\deployments.lock&apos; released" date="2025-09-24T16:49:42.515" /><!-- duration: 31ms -->
  </step><!-- duration: 21515ms -->
  <step title="Outgoing response" date="2025-09-24T16:49:42.609" type="response" statusCode="200" statusText="OK" Server="Microsoft-IIS/10.0" x-ms-request-id="fe780c81-d4b1-4c3e-90b8-e9659469246d" Cache-Control="private" X-AspNet-Version="4.0.30319" /><!-- duration: 31ms -->
</step><!-- duration: 21657ms -->
