<step title="Incoming Request" date="2025-09-25T02:49:46.607" instance="452b9d" url="/api/zipdeploy?author=ms-azuretools-vscode&amp;deployer=ms-azuretools-vscode&amp;isAsync=true&amp;trackDeploymentId=true" method="POST" type="request" pid="7024,2,8" Transfer-Encoding="chunked" Accept-Encoding="gzip,deflate" Accept-Language="en" Authorization="Bea..." Host="podcast-gen-api.scm.azurewebsites.net" User-Agent="vscode-azurefunctions/1.19.0 core-rest-pipeline/1.19.1 Node/20.19.1 OS/(arm64-Darwin-24.6.0)" x-ms-correlation-request-id="47bc5635-c726-4b0c-ae5c-553b8cfb6e49" x-ms-client-request-id="ea028533-23ec-4cf4-a49a-e7b0d26f0c5d" X-ARR-LOG-ID="ea028533-23ec-4cf4-a49a-e7b0d26f0c5d" CLIENT-IP="24.2.124.100:60334" X-SITE-DEPLOYMENT-ID="podcast-gen-api" WAS-DEFAULT-HOSTNAME="podcast-gen-api.scm.azurewebsites.net" X-Forwarded-Proto="https" X-AppService-Proto="https" X-Forwarded-TlsVersion="1.3" X-WAWS-Unencoded-URL="/api/zipdeploy?author=ms-azuretools-vscode&amp;deployer=ms-azuretools-vscode&amp;isAsync=true&amp;trackDeploymentId=true" >
  <step title="ZipPushDeploy" date="2025-09-25T02:49:46.920" >
    <step title="Functions App ZipDeploy. Run from package." date="2025-09-25T02:49:46.951" /><!-- duration: 16ms -->
    <step title="Starting PushDeployAsync" date="2025-09-25T02:49:46.998" /><!-- duration: 31ms -->
    <step title="Updating shutdown sentinel last write time" date="2025-09-25T02:49:47.139" SemaphoreCount="7" /><!-- duration: 16ms -->
    <step title="LockFile &apos;C:\home\site\locks\deployments.lock&apos; acquired" date="2025-09-25T02:49:47.170" /><!-- duration: 62ms -->
    <step title="Deleting outdated zip file C:\home\data\SitePackages\20250925022046.zip" date="2025-09-25T02:49:47.279" /><!-- duration: 47ms -->
    <step title="Saving request content to C:\home\data\SitePackages\20250925024946.zip" date="2025-09-25T02:49:47.342" >
      <step title="Total 72,258,785 bytes written to C:\home\data\SitePackages\20250925024946.zip" date="2025-09-25T02:49:57.886" /><!-- duration: 31ms -->
    </step><!-- duration: 11501ms -->
    <step title="LockFile &apos;C:\home\site\locks\deployments.lock&apos; released" date="2025-09-25T02:49:58.874" /><!-- duration: 31ms -->
    <step title="Deleting shutdown sentinel file" date="2025-09-25T02:49:58.952" SemaphoreCount="8" /><!-- duration: 16ms -->
    <step title="Starting FetchDeploy" date="2025-09-25T02:49:58.999" /><!-- duration: 16ms -->
    <step title="Start deployment in the background" date="2025-09-25T02:49:59.062" /><!-- duration: 468ms -->
  </step><!-- duration: 12642ms -->
  <step title="Outgoing response" date="2025-09-25T02:49:59.608" type="response" statusCode="202" statusText="Accepted" Server="Microsoft-IIS/10.0" x-ms-request-id="ea028533-23ec-4cf4-a49a-e7b0d26f0c5d" Retry-After="30" Cache-Control="private" X-AspNet-Version="4.0.30319" Location="https://podcast-gen-api.scm.azurewebsites.net/api/deployments/latest?deployer=ms-azuretools-vscode&amp;time=2025-09-25_02-49-59Z" /><!-- duration: 31ms -->
</step><!-- duration: 13048ms -->
