<step title="Incoming Request" date="2025-09-20T22:43:05.892" instance="200763" url="/api/zipdeploy?author=ms-azuretools-vscode&amp;deployer=ms-azuretools-vscode&amp;isAsync=true&amp;trackDeploymentId=true" method="POST" type="request" pid="6608,2,9" Transfer-Encoding="chunked" Accept-Encoding="gzip,deflate" Accept-Language="en" Authorization="Bea..." Host="podcast-gen-api.scm.azurewebsites.net" User-Agent="vscode-azurefunctions/1.19.0 core-rest-pipeline/1.19.1 Node/20.19.1 OS/(arm64-Darwin-24.6.0)" x-ms-correlation-request-id="f1dfaac5-30a6-41a1-9a7d-df82f974ea41" x-ms-client-request-id="35ef3cb9-5aa2-440c-a28b-1798102c5e67" X-ARR-LOG-ID="35ef3cb9-5aa2-440c-a28b-1798102c5e67" CLIENT-IP="24.2.124.100:58856" X-SITE-DEPLOYMENT-ID="podcast-gen-api" WAS-DEFAULT-HOSTNAME="podcast-gen-api.scm.azurewebsites.net" X-Forwarded-Proto="https" X-AppService-Proto="https" X-Forwarded-TlsVersion="1.3" X-WAWS-Unencoded-URL="/api/zipdeploy?author=ms-azuretools-vscode&amp;deployer=ms-azuretools-vscode&amp;isAsync=true&amp;trackDeploymentId=true" >
  <step title="ZipPushDeploy" date="2025-09-20T22:43:06.080" >
    <step title="Functions App ZipDeploy. Run from package." date="2025-09-20T22:43:06.111" /><!-- duration: 47ms -->
    <step title="Starting PushDeployAsync" date="2025-09-20T22:43:06.174" /><!-- duration: 18ms -->
    <step title="Updating shutdown sentinel last write time" date="2025-09-20T22:43:06.267" SemaphoreCount="7" /><!-- duration: 16ms -->
    <step title="LockFile &apos;C:\home\site\locks\deployments.lock&apos; acquired" date="2025-09-20T22:43:06.299" /><!-- duration: 16ms -->
    <step title="Deleting outdated zip file C:\home\data\SitePackages\20250920210317.zip" date="2025-09-20T22:43:06.361" /><!-- duration: 31ms -->
    <step title="Saving request content to C:\home\data\SitePackages\20250920224306.zip" date="2025-09-20T22:43:06.408" >
      <step title="Writing 49,949,346 bytes to C:\home\data\SitePackages\20250920224306.zip" date="2025-09-20T22:43:36.466" /><!-- duration: 16ms -->
      <step title="Total 62,009,427 bytes written to C:\home\data\SitePackages\20250920224306.zip" date="2025-09-20T22:43:43.733" /><!-- duration: 16ms -->
    </step><!-- duration: 37434ms -->
    <step title="LockFile &apos;C:\home\site\locks\deployments.lock&apos; released" date="2025-09-20T22:43:43.873" /><!-- duration: 16ms -->
    <step title="Deleting shutdown sentinel file" date="2025-09-20T22:43:43.920" SemaphoreCount="8" /><!-- duration: 31ms -->
    <step title="Starting FetchDeploy" date="2025-09-20T22:43:43.967" /><!-- duration: 16ms -->
    <step title="Start deployment in the background" date="2025-09-20T22:43:43.998" /><!-- duration: 359ms -->
  </step><!-- duration: 38293ms -->
  <step title="Outgoing response" date="2025-09-20T22:43:44.420" type="response" statusCode="202" statusText="Accepted" Server="Microsoft-IIS/10.0" x-ms-request-id="35ef3cb9-5aa2-440c-a28b-1798102c5e67" Retry-After="30" Cache-Control="private" X-AspNet-Version="4.0.30319" Location="https://podcast-gen-api.scm.azurewebsites.net/api/deployments/latest?deployer=ms-azuretools-vscode&amp;time=2025-09-20_22-43-44Z" /><!-- duration: 16ms -->
</step><!-- duration: 38559ms -->
