<step title="Incoming Request" date="2025-09-24T12:50:44.950" instance="c2ea73" url="/api/zipdeploy?author=ms-azuretools-vscode&amp;deployer=ms-azuretools-vscode&amp;isAsync=true&amp;trackDeploymentId=true" method="POST" type="request" pid="5296,2,8" Transfer-Encoding="chunked" Accept-Encoding="gzip,deflate" Accept-Language="en" Authorization="Bea..." Host="podcast-gen-api.scm.azurewebsites.net" User-Agent="vscode-azurefunctions/1.19.0 core-rest-pipeline/1.19.1 Node/20.19.1 OS/(arm64-Darwin-24.6.0)" x-ms-correlation-request-id="4a8c201f-e49d-48fb-bc1d-f14b39b4f8f0" x-ms-client-request-id="91d768e5-d1ec-43e1-9597-8bd7dbbb3192" X-ARR-LOG-ID="91d768e5-d1ec-43e1-9597-8bd7dbbb3192" CLIENT-IP="24.2.124.100:50928" X-SITE-DEPLOYMENT-ID="podcast-gen-api" WAS-DEFAULT-HOSTNAME="podcast-gen-api.scm.azurewebsites.net" X-Forwarded-Proto="https" X-AppService-Proto="https" X-Forwarded-TlsVersion="1.3" X-WAWS-Unencoded-URL="/api/zipdeploy?author=ms-azuretools-vscode&amp;deployer=ms-azuretools-vscode&amp;isAsync=true&amp;trackDeploymentId=true" >
  <step title="ZipPushDeploy" date="2025-09-24T12:50:45.456" >
    <step title="Functions App ZipDeploy. Run from package." date="2025-09-24T12:50:45.502" /><!-- duration: 31ms -->
    <step title="Starting PushDeployAsync" date="2025-09-24T12:50:45.565" /><!-- duration: 16ms -->
    <step title="Updating shutdown sentinel last write time" date="2025-09-24T12:50:45.721" SemaphoreCount="7" /><!-- duration: 16ms -->
    <step title="LockFile &apos;C:\home\site\locks\deployments.lock&apos; acquired" date="2025-09-24T12:50:45.831" /><!-- duration: 31ms -->
    <step title="Deleting outdated zip file C:\home\data\SitePackages\20250924123345.zip" date="2025-09-24T12:50:45.893" /><!-- duration: 47ms -->
    <step title="Saving request content to C:\home\data\SitePackages\20250924125045.zip" date="2025-09-24T12:50:45.971" >
      <step title="Total 69,112,477 bytes written to C:\home\data\SitePackages\20250924125045.zip" date="2025-09-24T12:50:56.903" /><!-- duration: 30ms -->
    </step><!-- duration: 11368ms -->
    <step title="LockFile &apos;C:\home\site\locks\deployments.lock&apos; released" date="2025-09-24T12:50:57.371" /><!-- duration: 16ms -->
    <step title="Deleting shutdown sentinel file" date="2025-09-24T12:50:57.433" SemaphoreCount="8" /><!-- duration: 31ms -->
    <step title="Starting FetchDeploy" date="2025-09-24T12:50:57.480" /><!-- duration: 16ms -->
    <step title="Start deployment in the background" date="2025-09-24T12:50:57.527" /><!-- duration: 484ms -->
  </step><!-- duration: 12571ms -->
  <step title="Outgoing response" date="2025-09-24T12:50:58.075" type="response" statusCode="202" statusText="Accepted" Server="Microsoft-IIS/10.0" x-ms-request-id="91d768e5-d1ec-43e1-9597-8bd7dbbb3192" Retry-After="30" Cache-Control="private" X-AspNet-Version="4.0.30319" Location="https://podcast-gen-api.scm.azurewebsites.net/api/deployments/latest?deployer=ms-azuretools-vscode&amp;time=2025-09-24_12-50-58Z" /><!-- duration: 15ms -->
</step><!-- duration: 13155ms -->
