<step title="Incoming Request" date="2025-09-24T13:02:03.702" instance="c2ea73" url="/api/zipdeploy?author=ms-azuretools-vscode&amp;deployer=ms-azuretools-vscode&amp;isAsync=true&amp;trackDeploymentId=true" method="POST" type="request" pid="2328,2,8" Transfer-Encoding="chunked" Accept-Encoding="gzip,deflate" Accept-Language="en" Authorization="Bea..." Host="podcast-gen-api.scm.azurewebsites.net" User-Agent="vscode-azurefunctions/1.19.0 core-rest-pipeline/1.19.1 Node/20.19.1 OS/(arm64-Darwin-24.6.0)" x-ms-correlation-request-id="0946a5e7-e788-449d-9c13-0ef014d732b4" x-ms-client-request-id="dfbb5def-9ef3-46e4-a3dc-d51dd0e7ad1a" X-ARR-LOG-ID="dfbb5def-9ef3-46e4-a3dc-d51dd0e7ad1a" CLIENT-IP="24.2.124.100:51250" X-SITE-DEPLOYMENT-ID="podcast-gen-api" WAS-DEFAULT-HOSTNAME="podcast-gen-api.scm.azurewebsites.net" X-Forwarded-Proto="https" X-AppService-Proto="https" X-Forwarded-TlsVersion="1.3" X-WAWS-Unencoded-URL="/api/zipdeploy?author=ms-azuretools-vscode&amp;deployer=ms-azuretools-vscode&amp;isAsync=true&amp;trackDeploymentId=true" >
  <step title="ZipPushDeploy" date="2025-09-24T13:02:03.983" >
    <step title="Functions App ZipDeploy. Run from package." date="2025-09-24T13:02:04.030" /><!-- duration: 42ms -->
    <step title="Starting PushDeployAsync" date="2025-09-24T13:02:04.093" /><!-- duration: 31ms -->
    <step title="Updating shutdown sentinel last write time" date="2025-09-24T13:02:04.171" SemaphoreCount="7" /><!-- duration: 16ms -->
    <step title="LockFile &apos;C:\home\site\locks\deployments.lock&apos; acquired" date="2025-09-24T13:02:04.218" /><!-- duration: 16ms -->
    <step title="Deleting outdated zip file C:\home\data\SitePackages\20250924123923.zip" date="2025-09-24T13:02:04.280" /><!-- duration: 47ms -->
    <step title="Saving request content to C:\home\data\SitePackages\20250924130204.zip" date="2025-09-24T13:02:04.343" >
      <step title="Total 69,116,749 bytes written to C:\home\data\SitePackages\20250924130204.zip" date="2025-09-24T13:02:14.206" /><!-- duration: 47ms -->
    </step><!-- duration: 10020ms -->
    <step title="LockFile &apos;C:\home\site\locks\deployments.lock&apos; released" date="2025-09-24T13:02:14.394" /><!-- duration: 31ms -->
    <step title="Deleting shutdown sentinel file" date="2025-09-24T13:02:14.472" SemaphoreCount="8" /><!-- duration: 16ms -->
    <step title="Starting FetchDeploy" date="2025-09-24T13:02:14.519" /><!-- duration: 16ms -->
    <step title="Start deployment in the background" date="2025-09-24T13:02:14.566" /><!-- duration: 562ms -->
  </step><!-- duration: 11162ms -->
  <step title="Outgoing response" date="2025-09-24T13:02:15.175" type="response" statusCode="202" statusText="Accepted" Server="Microsoft-IIS/10.0" x-ms-request-id="dfbb5def-9ef3-46e4-a3dc-d51dd0e7ad1a" Retry-After="30" Cache-Control="private" X-AspNet-Version="4.0.30319" Location="https://podcast-gen-api.scm.azurewebsites.net/api/deployments/latest?deployer=ms-azuretools-vscode&amp;time=2025-09-24_13-02-15Z" /><!-- duration: 16ms -->
</step><!-- duration: 11520ms -->
