<step title="BackgroundTrace" date="2025-09-24T16:41:42.231" instance="8fbe5d" url="/api/zipdeploy" method="POST" >
  <step title="Cleanup Xml Logs" date="2025-09-24T16:41:42.262" /><!-- duration: 31ms -->
  <step title="Updating shutdown sentinel last write time" date="2025-09-24T16:41:42.387" SemaphoreCount="7" /><!-- duration: 16ms -->
  <step title="LockFile &apos;C:\home\site\locks\deployments.lock&apos; acquired" date="2025-09-24T16:41:42.434" /><!-- duration: 31ms -->
  <step title="Creating temporary deployment" date="2025-09-24T16:41:42.481" /><!-- duration: 187ms -->
  <step title="Performing fetch based deployment" date="2025-09-24T16:41:42.684" >
    <step title="Fetching changes." date="2025-09-24T16:41:42.950" /><!-- duration: 31ms -->
    <step title="Starting LocalZipHandler" date="2025-09-24T16:41:42.997" /><!-- duration: 31ms -->
    <step title="Starting ExtractTriggers" date="2025-09-24T16:41:43.075" /><!-- duration: 16ms -->
    <step title="Before sending BuildRequestReceived status to /api/updatedeploystatus" date="2025-09-24T16:41:46.919" /><!-- duration: 47ms -->
    <step title="DeploymentManager.Deploy(id:90d85eba9bbb408a97b15e2bc1f31a01)" date="2025-09-24T16:41:46.998" >
      <step title="Collecting changeset information" date="2025-09-24T16:41:47.029" /><!-- duration: 187ms -->
      <step title="Updating submodules" date="2025-09-24T16:41:47.232" >
        <step title="Updating submodules." date="2025-09-24T16:41:47.420" /><!-- duration: 16ms -->
      </step><!-- duration: 234ms -->
      <step title="Preparing deployment for commit id &apos;90d85eba9b&apos;." date="2025-09-24T16:41:47.858" /><!-- duration: 31ms -->
      <step title="Determining deployment builder" date="2025-09-24T16:41:48.045" >
        <step title="Builder is RunFromZipSiteBuilder" date="2025-09-24T16:41:48.076" /><!-- duration: 16ms -->
      </step><!-- duration: 63ms -->
      <step title="Copying SSH keys" date="2025-09-24T16:41:48.186" /><!-- duration: 31ms -->
      <step title="Building" date="2025-09-24T16:41:48.248" >
        <step title="Skipping build. Project type: Run-From-Zip" date="2025-09-24T16:41:48.436" /><!-- duration: 16ms -->
        <step title="Skipping post build. Project type: Run-From-Zip" date="2025-09-24T16:41:48.654" /><!-- duration: 16ms -->
        <step title="Triggering recycle (preview mode disabled)." date="2025-09-24T16:41:48.904" /><!-- duration: 16ms -->
        <step title="Ignoring FS watcher based recycle request as this is a classic Windows app." date="2025-09-24T16:41:48.951" /><!-- duration: 16ms -->
        <step title="Deployment successful. DEPLOYMENTINFO: deploymentPath = Functions App ZipDeploy. Run from package., deployer = ms-azuretools-vscode, os = windows, sku = Dynamic, language = node, siteName = podcast-gen-api, slotName = Production, siteHostName = podcast-gen-api.azurewebsites.net, deploymentStatus = Success" date="2025-09-24T16:41:49.420" /><!-- duration: 141ms -->
        <step title="Purge deployment items" date="2025-09-24T16:41:49.858" >
          <step title="Remove b93c6668f, Success, received at 9/20/2025 10:43:47 PM" date="2025-09-24T16:41:50.140" /><!-- duration: 31ms -->
        </step><!-- duration: 328ms -->
      </step><!-- duration: 2032ms -->
    </step><!-- duration: 3314ms -->
    <step title="Cleaning up temp files" date="2025-09-24T16:41:50.327" /><!-- duration: 16ms -->
    <step title="Updating C:\home\data\SitePackages\packagename.txt with deployment 20250924164125.zip" date="2025-09-24T16:41:50.374" /><!-- duration: 62ms -->
    <step title="Begin HttpPost https://podcast-gen-api.scm.azurewebsites.net/operations/settriggers, x-ms-request-id: f27ae8cb-0eee-4908-8e49-bbc722628373" date="2025-09-24T16:41:50.514" /><!-- duration: 16ms -->
    <step title="End HttpPost, status: OK" date="2025-09-24T16:41:50.858" /><!-- duration: 47ms -->
    <step title="Scheduling background sync triggers after delay" date="2025-09-24T16:41:50.920" /><!-- duration: 31ms -->
  </step><!-- duration: 8393ms -->
  <step title="LockFile &apos;C:\home\site\locks\deployments.lock&apos; released" date="2025-09-24T16:41:51.108" /><!-- duration: 31ms -->
</step><!-- duration: 8940ms -->
