﻿<?xml version="1.0" encoding="utf-8"?>
<deployment>
  <id>9539c4d383fe4c608ba18cf8e27707ad</id>
  <author>ms-azuretools-vscode</author>
  <deployer>ms-azuretools-vscode</deployer>
  <authorEmail>N/A</authorEmail>
  <message>Created via a push deployment</message>
  <progress></progress>
  <status>Success</status>
  <statusText></statusText>
  <lastSuccessEndTime>2025-09-25T02:50:07.4836781Z</lastSuccessEndTime>
  <receivedTime>2025-09-25T02:50:05.2493237Z</receivedTime>
  <startTime>2025-09-25T02:50:05.9680565Z</startTime>
  <endTime>2025-09-25T02:50:07.4836781Z</endTime>
  <complete>True</complete>
  <is_temp>False</is_temp>
  <is_readonly>True</is_readonly>
  <project_type>Run-From-Zip</project_type>
  <vsproject_id></vsproject_id>
</deployment>