﻿<?xml version="1.0" encoding="utf-8"?>
<deployment>
  <id>41e17cf2467348a79411dd41f6b9d0f3</id>
  <author>N/A</author>
  <deployer>ZipDeploy</deployer>
  <authorEmail>N/A</authorEmail>
  <message>Created via a push deployment</message>
  <progress></progress>
  <status>Success</status>
  <statusText></statusText>
  <lastSuccessEndTime>2025-09-25T02:19:04.9498286Z</lastSuccessEndTime>
  <receivedTime>2025-09-25T02:19:02.5279367Z</receivedTime>
  <startTime>2025-09-25T02:19:03.3091988Z</startTime>
  <endTime>2025-09-25T02:19:04.9498286Z</endTime>
  <complete>True</complete>
  <is_temp>False</is_temp>
  <is_readonly>True</is_readonly>
  <project_type>Run-From-Zip</project_type>
  <vsproject_id></vsproject_id>
</deployment>