{"TimeStamp":"2025-09-25T02:50:07Z","SiteName":"podcast-gen-api","RequestId":"ea028533-23ec-4cf4-a49a-e7b0d26f0c5d","Kind":"ms-azuretools-vscode","Status":"Success","Details":"{\"Id\":\"9539c4d383fe4c608ba18cf8e27707ad\",\"Status\":4,\"StatusText\":\"\",\"AuthorEmail\":\"N/A\",\"Author\":\"ms-azuretools-vscode\",\"Message\":\"Created via a push deployment\",\"Progress\":\"\",\"Deployer\":\"ms-azuretools-vscode\",\"ReceivedTime\":\"2025-09-25T02:50:05.2493237Z\",\"StartTime\":\"2025-09-25T02:50:05.9680565Z\",\"EndTime\":\"2025-09-25T02:50:07.4836781Z\",\"LastSuccessEndTime\":\"2025-09-25T02:50:07.4836781Z\",\"Complete\":true,\"IsTemporary\":false,\"IsReadOnly\":true,\"SiteName\":\"podcast-gen-api\",\"HostName\":\"podcast-gen-api.scm.azurewebsites.net\",\"ProjectType\":\"Run-From-Zip\",\"VsProjectId\":null}"}