<Events><Event><System><Provider Name="IIS AspNetCore Module V2"/><EventID>1005</EventID><Level>2</Level><Task>0</Task><Keywords>Keywords</Keywords><TimeCreated SystemTime="2025-09-20T12:18:31Z"/><EventRecordID>70224250</EventRecordID><Channel>Application</Channel><Computer>10-30-12-185</Computer><Security/></System><EventData><Data>Failed to gracefully shutdown application 'MACHINE/WEBROOT/APPHOST/MAWSFNPLACEHOLDER105_F_V4_DOTNET-ISOLATED_8.0_X86'.</Data><Data>Process Id: 6580.</Data><Data>File Version: 18.0.25107.16. Description: IIS ASP.NET Core Module V2 Request Handler. Commit: </Data></EventData></Event><Event><System><Provider Name="IIS AspNetCore Module V2"/><EventID>1032</EventID><Level>4</Level><Task>0</Task><Keywords>Keywords</Keywords><TimeCreated SystemTime="2025-09-20T12:21:47Z"/><EventRecordID>70419625</EventRecordID><Channel>Application</Channel><Computer>10-30-12-185</Computer><Security/></System><EventData><Data>Application 'C:\Program Files (x86)\SiteExtensions\Functions\4.1042.100\32bit\' started successfully.</Data><Data>Process Id: 2668.</Data><Data>File Version: 18.0.25107.16. Description: IIS ASP.NET Core Module V2 Request Handler. Commit: </Data></EventData></Event><Event><System><Provider Name="IIS AspNetCore Module V2"/><EventID>1033</EventID><Level>4</Level><Task>0</Task><Keywords>Keywords</Keywords><TimeCreated SystemTime="2025-09-20T12:21:49Z"/><EventRecordID>70422375</EventRecordID><Channel>Application</Channel><Computer>10-30-12-185</Computer><Security/></System><EventData><Data>Application 'MACHINE/WEBROOT/APPHOST/MAWSFNPLACEHOLDER105_F_V4_DOTNET-ISOLATED_8.0_X86' has shutdown.</Data><Data>Process Id: 2668.</Data><Data>File Version: 18.0.25107.16. Description: IIS ASP.NET Core Module V2 Request Handler. Commit: </Data></EventData></Event><Event><System><Provider Name="IIS AspNetCore Module V2"/><EventID>1032</EventID><Level>4</Level><Task>0</Task><Keywords>Keywords</Keywords><TimeCreated SystemTime="2025-09-20T12:23:55Z"/><EventRecordID>70548500</EventRecordID><Channel>Application</Channel><Computer>10-30-12-185</Computer><Security/></System><EventData><Data>Application 'C:\Program Files (x86)\SiteExtensions\Functions\4.1042.100\32bit\' started successfully.</Data><Data>Process Id: 212.</Data><Data>File Version: 18.0.25107.16. Description: IIS ASP.NET Core Module V2 Request Handler. Commit: </Data></EventData></Event><Event><System><Provider Name="IIS AspNetCore Module V2"/><EventID>1033</EventID><Level>4</Level><Task>0</Task><Keywords>Keywords</Keywords><TimeCreated SystemTime="2025-09-20T12:23:57Z"/><EventRecordID>70550046</EventRecordID><Channel>Application</Channel><Computer>10-30-12-185</Computer><Security/></System><EventData><Data>Application 'MACHINE/WEBROOT/APPHOST/MAWSFNPLACEHOLDER105_F_V4_DOTNET-ISOLATED_8.0_X86' has shutdown.</Data><Data>Process Id: 212.</Data><Data>File Version: 18.0.25107.16. Description: IIS ASP.NET Core Module V2 Request Handler. Commit: </Data></EventData></Event><Event><System><Provider Name="IIS AspNetCore Module V2"/><EventID>1032</EventID><Level>4</Level><Task>0</Task><Keywords>Keywords</Keywords><TimeCreated SystemTime="2025-09-20T12:26:13Z"/><EventRecordID>70685906</EventRecordID><Channel>Application</Channel><Computer>10-30-12-185</Computer><Security/></System><EventData><Data>Application 'C:\Program Files (x86)\SiteExtensions\Functions\4.1042.100\32bit\' started successfully.</Data><Data>Process Id: 5032.</Data><Data>File Version: 18.0.25107.16. Description: IIS ASP.NET Core Module V2 Request Handler. Commit: </Data></EventData></Event><Event><System><Provider Name="IIS AspNetCore Module V2"/><EventID>1033</EventID><Level>4</Level><Task>0</Task><Keywords>Keywords</Keywords><TimeCreated SystemTime="2025-09-20T12:26:14Z"/><EventRecordID>70686921</EventRecordID><Channel>Application</Channel><Computer>10-30-12-185</Computer><Security/></System><EventData><Data>Application 'MACHINE/WEBROOT/APPHOST/MAWSFNPLACEHOLDER105_F_V4_DOTNET-ISOLATED_8.0_X86' has shutdown.</Data><Data>Process Id: 5032.</Data><Data>File Version: 18.0.25107.16. Description: IIS ASP.NET Core Module V2 Request Handler. Commit: </Data></EventData></Event><Event><System><Provider Name="IIS AspNetCore Module V2"/><EventID>1033</EventID><Level>4</Level><Task>0</Task><Keywords>Keywords</Keywords><TimeCreated SystemTime="2025-09-20T12:32:53Z"/><EventRecordID>71086453</EventRecordID><Channel>Application</Channel><Computer>10-30-12-185</Computer><Security/></System><EventData><Data>Application 'MACHINE/WEBROOT/APPHOST/MAWSFNPLACEHOLDER107_F_V4_DOTNET-ISOLATED_8.0_X86' has shutdown.</Data><Data>Process Id: 6864.</Data><Data>File Version: 18.0.25107.16. Description: IIS ASP.NET Core Module V2 Request Handler. Commit: </Data></EventData></Event><Event><System><Provider Name="IIS AspNetCore Module V2"/><EventID>1032</EventID><Level>4</Level><Task>0</Task><Keywords>Keywords</Keywords><TimeCreated SystemTime="2025-09-20T12:33:04Z"/><EventRecordID>71097093</EventRecordID><Channel>Application</Channel><Computer>10-30-12-185</Computer><Security/></System><EventData><Data>Application 'C:\Program Files (x86)\SiteExtensions\Functions\4.1042.100\32bit\' started successfully.</Data><Data>Process Id: 5600.</Data><Data>File Version: 18.0.25107.16. Description: IIS ASP.NET Core Module V2 Request Handler. Commit: </Data></EventData></Event><Event><System><Provider Name="IIS AspNetCore Module V2"/><EventID>1033</EventID><Level>4</Level><Task>0</Task><Keywords>Keywords</Keywords><TimeCreated SystemTime="2025-09-20T12:54:59Z"/><EventRecordID>72412484</EventRecordID><Channel>Application</Channel><Computer>10-30-12-185</Computer><Security/></System><EventData><Data>Application 'MACHINE/WEBROOT/APPHOST/MAWSFNPLACEHOLDER107_F_V4_DOTNET-ISOLATED_8.0_X86' has shutdown.</Data><Data>Process Id: 5600.</Data><Data>File Version: 18.0.25107.16. Description: IIS ASP.NET Core Module V2 Request Handler. Commit: </Data></EventData></Event><Event><System><Provider Name="IIS AspNetCore Module V2"/><EventID>1033</EventID><Level>4</Level><Task>0</Task><Keywords>Keywords</Keywords><TimeCreated SystemTime="2025-09-20T17:55:39Z"/><EventRecordID>164934281</EventRecordID><Channel>Application</Channel><Computer>10-30-12-69</Computer><Security/></System><EventData><Data>Application 'MACHINE/WEBROOT/APPHOST/MAWSFNPLACEHOLDER222_F_V4_NODE_22_X86' has shutdown.</Data><Data>Process Id: 1300.</Data><Data>File Version: 18.0.25107.16. Description: IIS ASP.NET Core Module V2 Request Handler. Commit: </Data></EventData></Event><Event><System><Provider Name="IIS AspNetCore Module V2"/><EventID>1032</EventID><Level>4</Level><Task>0</Task><Keywords>Keywords</Keywords><TimeCreated SystemTime="2025-09-20T17:55:53Z"/><EventRecordID>164947750</EventRecordID><Channel>Application</Channel><Computer>10-30-12-69</Computer><Security/></System><EventData><Data>Application 'C:\Program Files (x86)\SiteExtensions\Functions\4.1042.100\32bit\' started successfully.</Data><Data>Process Id: 6328.</Data><Data>File Version: 18.0.25107.16. Description: IIS ASP.NET Core Module V2 Request Handler. Commit: </Data></EventData></Event><Event><System><Provider Name="IIS AspNetCore Module V2"/><EventID>1033</EventID><Level>4</Level><Task>0</Task><Keywords>Keywords</Keywords><TimeCreated SystemTime="2025-09-20T17:58:15Z"/><EventRecordID>165090203</EventRecordID><Channel>Application</Channel><Computer>10-30-12-69</Computer><Security/></System><EventData><Data>Application 'MACHINE/WEBROOT/APPHOST/MAWSFNPLACEHOLDER222_F_V4_NODE_22_X86' has shutdown.</Data><Data>Process Id: 6328.</Data><Data>File Version: 18.0.25107.16. Description: IIS ASP.NET Core Module V2 Request Handler. Commit: </Data></EventData></Event><Event><System><Provider Name="IIS AspNetCore Module V2"/><EventID>1032</EventID><Level>4</Level><Task>0</Task><Keywords>Keywords</Keywords><TimeCreated SystemTime="2025-09-20T17:58:30Z"/><EventRecordID>165104781</EventRecordID><Channel>Application</Channel><Computer>10-30-12-69</Computer><Security/></System><EventData><Data>Application 'C:\Program Files (x86)\SiteExtensions\Functions\4.1042.100\32bit\' started successfully.</Data><Data>Process Id: 3860.</Data><Data>File Version: 18.0.25107.16. Description: IIS ASP.NET Core Module V2 Request Handler. Commit: </Data></EventData></Event><Event><System><Provider Name="IIS AspNetCore Module V2"/><EventID>1033</EventID><Level>4</Level><Task>0</Task><Keywords>Keywords</Keywords><TimeCreated SystemTime="2025-09-20T18:15:54Z"/><EventRecordID>166148890</EventRecordID><Channel>Application</Channel><Computer>10-30-12-69</Computer><Security/></System><EventData><Data>Application 'MACHINE/WEBROOT/APPHOST/MAWSFNPLACEHOLDER222_F_V4_NODE_22_X86' has shutdown.</Data><Data>Process Id: 3860.</Data><Data>File Version: 18.0.25107.16. Description: IIS ASP.NET Core Module V2 Request Handler. Commit: </Data></EventData></Event><Event><System><Provider Name="IIS AspNetCore Module V2"/><EventID>1033</EventID><Level>4</Level><Task>0</Task><Keywords>Keywords</Keywords><TimeCreated SystemTime="2025-09-20T18:21:59Z"/><EventRecordID>165812296</EventRecordID><Channel>Application</Channel><Computer>10-30-12-60</Computer><Security/></System><EventData><Data>Application 'MACHINE/WEBROOT/APPHOST/MAWSFNPLACEHOLDER218_F_V4_NODE_22_X86' has shutdown.</Data><Data>Process Id: 4048.</Data><Data>File Version: 18.0.25107.16. Description: IIS ASP.NET Core Module V2 Request Handler. Commit: </Data></EventData></Event><Event><System><Provider Name="IIS AspNetCore Module V2"/><EventID>1032</EventID><Level>4</Level><Task>0</Task><Keywords>Keywords</Keywords><TimeCreated SystemTime="2025-09-20T18:22:41Z"/><EventRecordID>165854390</EventRecordID><Channel>Application</Channel><Computer>10-30-12-60</Computer><Security/></System><EventData><Data>Application 'C:\Program Files (x86)\SiteExtensions\Functions\4.1042.100\32bit\' started successfully.</Data><Data>Process Id: 6756.</Data><Data>File Version: 18.0.25107.16. Description: IIS ASP.NET Core Module V2 Request Handler. Commit: </Data></EventData></Event><Event><System><Provider Name="IIS AspNetCore Module V2"/><EventID>1033</EventID><Level>4</Level><Task>0</Task><Keywords>Keywords</Keywords><TimeCreated SystemTime="2025-09-20T18:25:26Z"/><EventRecordID>166019546</EventRecordID><Channel>Application</Channel><Computer>10-30-12-60</Computer><Security/></System><EventData><Data>Application 'MACHINE/WEBROOT/APPHOST/MAWSFNPLACEHOLDER218_F_V4_NODE_22_X86' has shutdown.</Data><Data>Process Id: 6756.</Data><Data>File Version: 18.0.25107.16. Description: IIS ASP.NET Core Module V2 Request Handler. Commit: </Data></EventData></Event><Event><System><Provider Name="IIS AspNetCore Module V2"/><EventID>1032</EventID><Level>4</Level><Task>0</Task><Keywords>Keywords</Keywords><TimeCreated SystemTime="2025-09-20T18:26:17Z"/><EventRecordID>166070000</EventRecordID><Channel>Application</Channel><Computer>10-30-12-60</Computer><Security/></System><EventData><Data>Application 'C:\Program Files (x86)\SiteExtensions\Functions\4.1042.100\32bit\' started successfully.</Data><Data>Process Id: 3496.</Data><Data>File Version: 18.0.25107.16. Description: IIS ASP.NET Core Module V2 Request Handler. Commit: </Data></EventData></Event><Event><System><Provider Name="IIS AspNetCore Module V2"/><EventID>1033</EventID><Level>4</Level><Task>0</Task><Keywords>Keywords</Keywords><TimeCreated SystemTime="2025-09-20T18:27:11Z"/><EventRecordID>166124312</EventRecordID><Channel>Application</Channel><Computer>10-30-12-60</Computer><Security/></System><EventData><Data>Application 'MACHINE/WEBROOT/APPHOST/MAWSFNPLACEHOLDER218_F_V4_NODE_22_X86' has shutdown.</Data><Data>Process Id: 3496.</Data><Data>File Version: 18.0.25107.16. Description: IIS ASP.NET Core Module V2 Request Handler. Commit: </Data></EventData></Event><Event><System><Provider Name="IIS AspNetCore Module V2"/><EventID>1032</EventID><Level>4</Level><Task>0</Task><Keywords>Keywords</Keywords><TimeCreated SystemTime="2025-09-20T18:27:39Z"/><EventRecordID>166152890</EventRecordID><Channel>Application</Channel><Computer>10-30-12-60</Computer><Security/></System><EventData><Data>Application 'C:\Program Files (x86)\SiteExtensions\Functions\4.1042.100\32bit\' started successfully.</Data><Data>Process Id: 7496.</Data><Data>File Version: 18.0.25107.16. Description: IIS ASP.NET Core Module V2 Request Handler. Commit: </Data></EventData></Event><Event><System><Provider Name="IIS AspNetCore Module V2"/><EventID>1033</EventID><Level>4</Level><Task>0</Task><Keywords>Keywords</Keywords><TimeCreated SystemTime="2025-09-20T18:38:31Z"/><EventRecordID>166804765</EventRecordID><Channel>Application</Channel><Computer>10-30-12-60</Computer><Security/></System><EventData><Data>Application 'MACHINE/WEBROOT/APPHOST/MAWSFNPLACEHOLDER218_F_V4_NODE_22_X86' has shutdown.</Data><Data>Process Id: 7496.</Data><Data>File Version: 18.0.25107.16. Description: IIS ASP.NET Core Module V2 Request Handler. Commit: </Data></EventData></Event><Event><System><Provider Name="IIS AspNetCore Module V2"/><EventID>1033</EventID><Level>4</Level><Task>0</Task><Keywords>Keywords</Keywords><TimeCreated SystemTime="2025-09-20T18:41:00Z"/><EventRecordID>166953531</EventRecordID><Channel>Application</Channel><Computer>10-30-12-60</Computer><Security/></System><EventData><Data>Application 'MACHINE/WEBROOT/APPHOST/MAWSFNPLACEHOLDER220_F_V4_NODE_22_X86' has shutdown.</Data><Data>Process Id: 6760.</Data><Data>File Version: 18.0.25107.16. Description: IIS ASP.NET Core Module V2 Request Handler. Commit: </Data></EventData></Event><Event><System><Provider Name="IIS AspNetCore Module V2"/><EventID>1032</EventID><Level>4</Level><Task>0</Task><Keywords>Keywords</Keywords><TimeCreated SystemTime="2025-09-20T18:41:50Z"/><EventRecordID>167002890</EventRecordID><Channel>Application</Channel><Computer>10-30-12-60</Computer><Security/></System><EventData><Data>Application 'C:\Program Files (x86)\SiteExtensions\Functions\4.1042.100\32bit\' started successfully.</Data><Data>Process Id: 6176.</Data><Data>File Version: 18.0.25107.16. Description: IIS ASP.NET Core Module V2 Request Handler. Commit: </Data></EventData></Event><Event><System><Provider Name="IIS AspNetCore Module V2"/><EventID>1033</EventID><Level>4</Level><Task>0</Task><Keywords>Keywords</Keywords><TimeCreated SystemTime="2025-09-20T19:02:45Z"/><EventRecordID>168258265</EventRecordID><Channel>Application</Channel><Computer>10-30-12-60</Computer><Security/></System><EventData><Data>Application 'MACHINE/WEBROOT/APPHOST/MAWSFNPLACEHOLDER220_F_V4_NODE_22_X86' has shutdown.</Data><Data>Process Id: 6176.</Data><Data>File Version: 18.0.25107.16. Description: IIS ASP.NET Core Module V2 Request Handler. Commit: </Data></EventData></Event><Event><System><Provider Name="IIS AspNetCore Module V2"/><EventID>1033</EventID><Level>4</Level><Task>0</Task><Keywords>Keywords</Keywords><TimeCreated SystemTime="2025-09-20T20:49:01Z"/><EventRecordID>42289062</EventRecordID><Channel>Application</Channel><Computer>10-30-12-101</Computer><Security/></System><EventData><Data>Application 'MACHINE/WEBROOT/APPHOST/MAWSFNPLACEHOLDER59_F_V4_NODE_22_X86' has shutdown.</Data><Data>Process Id: 3204.</Data><Data>File Version: 18.0.25107.16. Description: IIS ASP.NET Core Module V2 Request Handler. Commit: </Data></EventData></Event><Event><System><Provider Name="IIS AspNetCore Module V2"/><EventID>1032</EventID><Level>4</Level><Task>0</Task><Keywords>Keywords</Keywords><TimeCreated SystemTime="2025-09-20T20:49:19Z"/><EventRecordID>42306734</EventRecordID><Channel>Application</Channel><Computer>10-30-12-101</Computer><Security/></System><EventData><Data>Application 'C:\Program Files (x86)\SiteExtensions\Functions\4.1042.100\32bit\' started successfully.</Data><Data>Process Id: 748.</Data><Data>File Version: 18.0.25107.16. Description: IIS ASP.NET Core Module V2 Request Handler. Commit: </Data></EventData></Event><Event><System><Provider Name="IIS AspNetCore Module V2"/><EventID>1033</EventID><Level>4</Level><Task>0</Task><Keywords>Keywords</Keywords><TimeCreated SystemTime="2025-09-20T20:53:22Z"/><EventRecordID>42549640</EventRecordID><Channel>Application</Channel><Computer>10-30-12-101</Computer><Security/></System><EventData><Data>Application 'MACHINE/WEBROOT/APPHOST/MAWSFNPLACEHOLDER59_F_V4_NODE_22_X86' has shutdown.</Data><Data>Process Id: 748.</Data><Data>File Version: 18.0.25107.16. Description: IIS ASP.NET Core Module V2 Request Handler. Commit: </Data></EventData></Event><Event><System><Provider Name="IIS AspNetCore Module V2"/><EventID>1032</EventID><Level>4</Level><Task>0</Task><Keywords>Keywords</Keywords><TimeCreated SystemTime="2025-09-20T20:54:21Z"/><EventRecordID>42608609</EventRecordID><Channel>Application</Channel><Computer>10-30-12-101</Computer><Security/></System><EventData><Data>Application 'C:\Program Files (x86)\SiteExtensions\Functions\4.1042.100\32bit\' started successfully.</Data><Data>Process Id: 1176.</Data><Data>File Version: 18.0.25107.16. Description: IIS ASP.NET Core Module V2 Request Handler. Commit: </Data></EventData></Event><Event><System><Provider Name="IIS AspNetCore Module V2"/><EventID>1033</EventID><Level>4</Level><Task>0</Task><Keywords>Keywords</Keywords><TimeCreated SystemTime="2025-09-20T21:03:39Z"/><EventRecordID>43167046</EventRecordID><Channel>Application</Channel><Computer>10-30-12-101</Computer><Security/></System><EventData><Data>Application 'MACHINE/WEBROOT/APPHOST/MAWSFNPLACEHOLDER59_F_V4_NODE_22_X86' has shutdown.</Data><Data>Process Id: 1176.</Data><Data>File Version: 18.0.25107.16. Description: IIS ASP.NET Core Module V2 Request Handler. Commit: </Data></EventData></Event><Event><System><Provider Name="IIS AspNetCore Module V2"/><EventID>1032</EventID><Level>4</Level><Task>0</Task><Keywords>Keywords</Keywords><TimeCreated SystemTime="2025-09-20T21:04:08Z"/><EventRecordID>43195875</EventRecordID><Channel>Application</Channel><Computer>10-30-12-101</Computer><Security/></System><EventData><Data>Application 'C:\Program Files (x86)\SiteExtensions\Functions\4.1042.100\32bit\' started successfully.</Data><Data>Process Id: 4132.</Data><Data>File Version: 18.0.25107.16. Description: IIS ASP.NET Core Module V2 Request Handler. Commit: </Data></EventData></Event><Event><System><Provider Name="IIS AspNetCore Module V2"/><EventID>1033</EventID><Level>4</Level><Task>0</Task><Keywords>Keywords</Keywords><TimeCreated SystemTime="2025-09-20T21:09:43Z"/><EventRecordID>43531390</EventRecordID><Channel>Application</Channel><Computer>10-30-12-101</Computer><Security/></System><EventData><Data>Application 'MACHINE/WEBROOT/APPHOST/MAWSFNPLACEHOLDER59_F_V4_NODE_22_X86' has shutdown.</Data><Data>Process Id: 4132.</Data><Data>File Version: 18.0.25107.16. Description: IIS ASP.NET Core Module V2 Request Handler. Commit: </Data></EventData></Event><Event><System><Provider Name="IIS AspNetCore Module V2"/><EventID>1032</EventID><Level>4</Level><Task>0</Task><Keywords>Keywords</Keywords><TimeCreated SystemTime="2025-09-20T21:10:02Z"/><EventRecordID>43549531</EventRecordID><Channel>Application</Channel><Computer>10-30-12-101</Computer><Security/></System><EventData><Data>Application 'C:\Program Files (x86)\SiteExtensions\Functions\4.1042.100\32bit\' started successfully.</Data><Data>Process Id: 1760.</Data><Data>File Version: 18.0.25107.16. Description: IIS ASP.NET Core Module V2 Request Handler. Commit: </Data></EventData></Event><Event><System><Provider Name="ZipFS"/><EventID>0</EventID><Level>1</Level><Task>0</Task><Keywords>Keywords</Keywords><TimeCreated SystemTime="2025-09-20T21:11:04Z"/><EventRecordID>43612140</EventRecordID><Channel>Application</Channel><Computer>10-30-12-101</Computer><Security/></System><EventData><Data>Site is using stale zip. Refresh Zip initiating a recycle of the worker process.</Data></EventData></Event><Event><System><Provider Name="IIS AspNetCore Module V2"/><EventID>1033</EventID><Level>4</Level><Task>0</Task><Keywords>Keywords</Keywords><TimeCreated SystemTime="2025-09-20T21:30:57Z"/><EventRecordID>44804562</EventRecordID><Channel>Application</Channel><Computer>10-30-12-101</Computer><Security/></System><EventData><Data>Application 'MACHINE/WEBROOT/APPHOST/MAWSFNPLACEHOLDER59_F_V4_NODE_22_X86' has shutdown.</Data><Data>Process Id: 1760.</Data><Data>File Version: 18.0.25107.16. Description: IIS ASP.NET Core Module V2 Request Handler. Commit: </Data></EventData></Event><Event><System><Provider Name="IIS AspNetCore Module V2"/><EventID>1033</EventID><Level>4</Level><Task>0</Task><Keywords>Keywords</Keywords><TimeCreated SystemTime="2025-09-20T22:40:03Z"/><EventRecordID>13641656</EventRecordID><Channel>Application</Channel><Computer>10-30-10-214</Computer><Security/></System><EventData><Data>Application 'MACHINE/WEBROOT/APPHOST/MAWSFNPLACEHOLDER20_F_V4_NODE_22_X86' has shutdown.</Data><Data>Process Id: 6456.</Data><Data>File Version: 18.0.25107.16. Description: IIS ASP.NET Core Module V2 Request Handler. Commit: </Data></EventData></Event><Event><System><Provider Name="IIS AspNetCore Module V2"/><EventID>1032</EventID><Level>4</Level><Task>0</Task><Keywords>Keywords</Keywords><TimeCreated SystemTime="2025-09-20T22:40:11Z"/><EventRecordID>13650375</EventRecordID><Channel>Application</Channel><Computer>10-30-10-214</Computer><Security/></System><EventData><Data>Application 'C:\Program Files (x86)\SiteExtensions\Functions\4.1042.100\32bit\' started successfully.</Data><Data>Process Id: 3860.</Data><Data>File Version: 18.0.25107.16. Description: IIS ASP.NET Core Module V2 Request Handler. Commit: </Data></EventData></Event><Event><System><Provider Name="IIS AspNetCore Module V2"/><EventID>1033</EventID><Level>4</Level><Task>0</Task><Keywords>Keywords</Keywords><TimeCreated SystemTime="2025-09-20T22:43:55Z"/><EventRecordID>13874296</EventRecordID><Channel>Application</Channel><Computer>10-30-10-214</Computer><Security/></System><EventData><Data>Application 'MACHINE/WEBROOT/APPHOST/MAWSFNPLACEHOLDER20_F_V4_NODE_22_X86' has shutdown.</Data><Data>Process Id: 3860.</Data><Data>File Version: 18.0.25107.16. Description: IIS ASP.NET Core Module V2 Request Handler. Commit: </Data></EventData></Event><Event><System><Provider Name="IIS AspNetCore Module V2"/><EventID>1032</EventID><Level>4</Level><Task>0</Task><Keywords>Keywords</Keywords><TimeCreated SystemTime="2025-09-20T22:44:57Z"/><EventRecordID>13936484</EventRecordID><Channel>Application</Channel><Computer>10-30-10-214</Computer><Security/></System><EventData><Data>Application 'C:\Program Files (x86)\SiteExtensions\Functions\4.1042.100\32bit\' started successfully.</Data><Data>Process Id: 4056.</Data><Data>File Version: 18.0.25107.16. Description: IIS ASP.NET Core Module V2 Request Handler. Commit: </Data></EventData></Event><Event><System><Provider Name="ZipFS"/><EventID>0</EventID><Level>1</Level><Task>0</Task><Keywords>Keywords</Keywords><TimeCreated SystemTime="2025-09-20T22:45:04Z"/><EventRecordID>13943562</EventRecordID><Channel>Application</Channel><Computer>10-30-10-214</Computer><Security/></System><EventData><Data>Site is using stale zip. Refresh Zip initiating a recycle of the worker process.</Data></EventData></Event><Event><System><Provider Name="IIS AspNetCore Module V2"/><EventID>1033</EventID><Level>4</Level><Task>0</Task><Keywords>Keywords</Keywords><TimeCreated SystemTime="2025-09-20T22:52:29Z"/><EventRecordID>14388515</EventRecordID><Channel>Application</Channel><Computer>10-30-10-214</Computer><Security/></System><EventData><Data>Application 'MACHINE/WEBROOT/APPHOST/MAWSFNPLACEHOLDER20_F_V4_NODE_22_X86' has shutdown.</Data><Data>Process Id: 4056.</Data><Data>File Version: 18.0.25107.16. Description: IIS ASP.NET Core Module V2 Request Handler. Commit: </Data></EventData></Event><Event><System><Provider Name="IIS AspNetCore Module V2"/><EventID>1032</EventID><Level>4</Level><Task>0</Task><Keywords>Keywords</Keywords><TimeCreated SystemTime="2025-09-20T22:53:31Z"/><EventRecordID>14450562</EventRecordID><Channel>Application</Channel><Computer>10-30-10-214</Computer><Security/></System><EventData><Data>Application 'C:\Program Files (x86)\SiteExtensions\Functions\4.1042.100\32bit\' started successfully.</Data><Data>Process Id: 6188.</Data><Data>File Version: 18.0.25107.16. Description: IIS ASP.NET Core Module V2 Request Handler. Commit: </Data></EventData></Event><Event><System><Provider Name="ZipFS"/><EventID>0</EventID><Level>1</Level><Task>0</Task><Keywords>Keywords</Keywords><TimeCreated SystemTime="2025-09-20T22:53:34Z"/><EventRecordID>14453078</EventRecordID><Channel>Application</Channel><Computer>10-30-10-214</Computer><Security/></System><EventData><Data>Site is using stale zip. Refresh Zip initiating a recycle of the worker process.</Data></EventData></Event><Event><System><Provider Name="IIS AspNetCore Module V2"/><EventID>1033</EventID><Level>4</Level><Task>0</Task><Keywords>Keywords</Keywords><TimeCreated SystemTime="2025-09-20T23:14:26Z"/><EventRecordID>15705281</EventRecordID><Channel>Application</Channel><Computer>10-30-10-214</Computer><Security/></System><EventData><Data>Application 'MACHINE/WEBROOT/APPHOST/MAWSFNPLACEHOLDER20_F_V4_NODE_22_X86' has shutdown.</Data><Data>Process Id: 6188.</Data><Data>File Version: 18.0.25107.16. Description: IIS ASP.NET Core Module V2 Request Handler. Commit: </Data></EventData></Event><Event><System><Provider Name="IIS AspNetCore Module V2"/><EventID>1033</EventID><Level>4</Level><Task>0</Task><Keywords>Keywords</Keywords><TimeCreated SystemTime="2025-09-21T02:20:01Z"/><EventRecordID>209863656</EventRecordID><Channel>Application</Channel><Computer>10-30-1-169</Computer><Security/></System><EventData><Data>Application 'MACHINE/WEBROOT/APPHOST/MAWSFNPLACEHOLDER322_F_V4_NODE_22_X86' has shutdown.</Data><Data>Process Id: 3816.</Data><Data>File Version: 18.0.25107.16. Description: IIS ASP.NET Core Module V2 Request Handler. Commit: </Data></EventData></Event><Event><System><Provider Name="IIS AspNetCore Module V2"/><EventID>1033</EventID><Level>4</Level><Task>0</Task><Keywords>Keywords</Keywords><TimeCreated SystemTime="2025-09-21T11:13:20Z"/><EventRecordID>223685703</EventRecordID><Channel>Application</Channel><Computer>10-30-11-236</Computer><Security/></System><EventData><Data>Application 'MACHINE/WEBROOT/APPHOST/MAWSFNPLACEHOLDER296_F_V4_NODE_22_X86' has shutdown.</Data><Data>Process Id: 3960.</Data><Data>File Version: 18.0.25107.16. Description: IIS ASP.NET Core Module V2 Request Handler. Commit: </Data></EventData></Event><Event><System><Provider Name="IIS AspNetCore Module V2"/><EventID>1033</EventID><Level>4</Level><Task>0</Task><Keywords>Keywords</Keywords><TimeCreated SystemTime="2025-09-22T02:20:21Z"/><EventRecordID>306334765</EventRecordID><Channel>Application</Channel><Computer>10-30-0-71</Computer><Security/></System><EventData><Data>Application 'MACHINE/WEBROOT/APPHOST/MAWSFNPLACEHOLDER419_F_V4_DOTNET-ISOLATED_6.0_X86' has shutdown.</Data><Data>Process Id: 5144.</Data><Data>File Version: 18.0.25107.16. Description: IIS ASP.NET Core Module V2 Request Handler. Commit: </Data></EventData></Event><Event><System><Provider Name="IIS AspNetCore Module V2"/><EventID>1033</EventID><Level>4</Level><Task>0</Task><Keywords>Keywords</Keywords><TimeCreated SystemTime="2025-09-23T02:20:46Z"/><EventRecordID>547840140</EventRecordID><Channel>Application</Channel><Computer>10-30-10-192</Computer><Security/></System><EventData><Data>Application 'MACHINE/WEBROOT/APPHOST/MAWSFNPLACEHOLDER757_F_V4_DOTNET-ISOLATED_6.0_X86' has shutdown.</Data><Data>Process Id: 4736.</Data><Data>File Version: 18.0.25107.16. Description: IIS ASP.NET Core Module V2 Request Handler. Commit: </Data></EventData></Event><Event><System><Provider Name="IIS AspNetCore Module V2"/><EventID>1032</EventID><Level>4</Level><Task>0</Task><Keywords>Keywords</Keywords><TimeCreated SystemTime="2025-09-24T01:58:40Z"/><EventRecordID>449583125</EventRecordID><Channel>Application</Channel><Computer>10-30-12-63</Computer><Security/></System><EventData><Data>Application 'C:\Program Files (x86)\SiteExtensions\Functions\4.1043.200\32bit\' started successfully.</Data><Data>Process Id: 5908.</Data><Data>File Version: 18.0.25107.16. Description: IIS ASP.NET Core Module V2 Request Handler. Commit: </Data></EventData></Event><Event><System><Provider Name="IIS AspNetCore Module V2"/><EventID>1033</EventID><Level>4</Level><Task>0</Task><Keywords>Keywords</Keywords><TimeCreated SystemTime="2025-09-24T02:20:35Z"/><EventRecordID>450898140</EventRecordID><Channel>Application</Channel><Computer>10-30-12-63</Computer><Security/></System><EventData><Data>Application 'MACHINE/WEBROOT/APPHOST/PODCAST-GEN-API' has shutdown.</Data><Data>Process Id: 5908.</Data><Data>File Version: 18.0.25107.16. Description: IIS ASP.NET Core Module V2 Request Handler. Commit: </Data></EventData></Event><Event><System><Provider Name="ZipFS"/><EventID>0</EventID><Level>1</Level><Task>0</Task><Keywords>Keywords</Keywords><TimeCreated SystemTime="2025-09-24T12:33:40Z"/><EventRecordID>28867234</EventRecordID><Channel>Application</Channel><Computer>10-30-10-76</Computer><Security/></System><EventData><Data>Site is using stale zip. Refresh Zip initiating a recycle of the worker process.</Data></EventData></Event><Event><System><Provider Name="IIS AspNetCore Module V2"/><EventID>1033</EventID><Level>4</Level><Task>0</Task><Keywords>Keywords</Keywords><TimeCreated SystemTime="2025-09-24T12:34:05Z"/><EventRecordID>28892359</EventRecordID><Channel>Application</Channel><Computer>10-30-10-76</Computer><Security/></System><EventData><Data>Application 'MACHINE/WEBROOT/APPHOST/MAWSFNPLACEHOLDER37_F_V4_NODE_22_X86' has shutdown.</Data><Data>Process Id: 7160.</Data><Data>File Version: 18.0.25107.16. Description: IIS ASP.NET Core Module V2 Request Handler. Commit: </Data></EventData></Event><Event><System><Provider Name="IIS AspNetCore Module V2"/><EventID>1032</EventID><Level>4</Level><Task>0</Task><Keywords>Keywords</Keywords><TimeCreated SystemTime="2025-09-24T12:34:15Z"/><EventRecordID>28902250</EventRecordID><Channel>Application</Channel><Computer>10-30-10-76</Computer><Security/></System><EventData><Data>Application 'C:\Program Files (x86)\SiteExtensions\Functions\4.1043.200\32bit\' started successfully.</Data><Data>Process Id: 5264.</Data><Data>File Version: 18.0.25107.16. Description: IIS ASP.NET Core Module V2 Request Handler. Commit: </Data></EventData></Event><Event><System><Provider Name="IIS AspNetCore Module V2"/><EventID>1033</EventID><Level>4</Level><Task>0</Task><Keywords>Keywords</Keywords><TimeCreated SystemTime="2025-09-24T12:37:43Z"/><EventRecordID>29109953</EventRecordID><Channel>Application</Channel><Computer>10-30-10-76</Computer><Security/></System><EventData><Data>Application 'MACHINE/WEBROOT/APPHOST/MAWSFNPLACEHOLDER37_F_V4_NODE_22_X86' has shutdown.</Data><Data>Process Id: 5264.</Data><Data>File Version: 18.0.25107.16. Description: IIS ASP.NET Core Module V2 Request Handler. Commit: </Data></EventData></Event><Event><System><Provider Name="IIS AspNetCore Module V2"/><EventID>1032</EventID><Level>4</Level><Task>0</Task><Keywords>Keywords</Keywords><TimeCreated SystemTime="2025-09-24T12:38:08Z"/><EventRecordID>29135203</EventRecordID><Channel>Application</Channel><Computer>10-30-10-76</Computer><Security/></System><EventData><Data>Application 'C:\Program Files (x86)\SiteExtensions\Functions\4.1043.200\32bit\' started successfully.</Data><Data>Process Id: 6388.</Data><Data>File Version: 18.0.25107.16. Description: IIS ASP.NET Core Module V2 Request Handler. Commit: </Data></EventData></Event><Event><System><Provider Name="IIS AspNetCore Module V2"/><EventID>1033</EventID><Level>4</Level><Task>0</Task><Keywords>Keywords</Keywords><TimeCreated SystemTime="2025-09-24T12:39:41Z"/><EventRecordID>29227625</EventRecordID><Channel>Application</Channel><Computer>10-30-10-76</Computer><Security/></System><EventData><Data>Application 'MACHINE/WEBROOT/APPHOST/MAWSFNPLACEHOLDER37_F_V4_NODE_22_X86' has shutdown.</Data><Data>Process Id: 6388.</Data><Data>File Version: 18.0.25107.16. Description: IIS ASP.NET Core Module V2 Request Handler. Commit: </Data></EventData></Event><Event><System><Provider Name="IIS AspNetCore Module V2"/><EventID>1032</EventID><Level>4</Level><Task>0</Task><Keywords>Keywords</Keywords><TimeCreated SystemTime="2025-09-24T12:39:56Z"/><EventRecordID>29242812</EventRecordID><Channel>Application</Channel><Computer>10-30-10-76</Computer><Security/></System><EventData><Data>Application 'C:\Program Files (x86)\SiteExtensions\Functions\4.1043.200\32bit\' started successfully.</Data><Data>Process Id: 3652.</Data><Data>File Version: 18.0.25107.16. Description: IIS ASP.NET Core Module V2 Request Handler. Commit: </Data></EventData></Event><Event><System><Provider Name="IIS AspNetCore Module V2"/><EventID>1033</EventID><Level>4</Level><Task>0</Task><Keywords>Keywords</Keywords><TimeCreated SystemTime="2025-09-24T12:51:11Z"/><EventRecordID>29917812</EventRecordID><Channel>Application</Channel><Computer>10-30-10-76</Computer><Security/></System><EventData><Data>Application 'MACHINE/WEBROOT/APPHOST/MAWSFNPLACEHOLDER37_F_V4_NODE_22_X86' has shutdown.</Data><Data>Process Id: 3652.</Data><Data>File Version: 18.0.25107.16. Description: IIS ASP.NET Core Module V2 Request Handler. Commit: </Data></EventData></Event><Event><System><Provider Name="IIS AspNetCore Module V2"/><EventID>1032</EventID><Level>4</Level><Task>0</Task><Keywords>Keywords</Keywords><TimeCreated SystemTime="2025-09-24T12:52:16Z"/><EventRecordID>29983359</EventRecordID><Channel>Application</Channel><Computer>10-30-10-76</Computer><Security/></System><EventData><Data>Application 'C:\Program Files (x86)\SiteExtensions\Functions\4.1043.200\32bit\' started successfully.</Data><Data>Process Id: 2984.</Data><Data>File Version: 18.0.25107.16. Description: IIS ASP.NET Core Module V2 Request Handler. Commit: </Data></EventData></Event><Event><System><Provider Name="IIS AspNetCore Module V2"/><EventID>1033</EventID><Level>4</Level><Task>0</Task><Keywords>Keywords</Keywords><TimeCreated SystemTime="2025-09-24T12:57:42Z"/><EventRecordID>30309421</EventRecordID><Channel>Application</Channel><Computer>10-30-10-76</Computer><Security/></System><EventData><Data>Application 'MACHINE/WEBROOT/APPHOST/MAWSFNPLACEHOLDER37_F_V4_NODE_22_X86' has shutdown.</Data><Data>Process Id: 2984.</Data><Data>File Version: 18.0.25107.16. Description: IIS ASP.NET Core Module V2 Request Handler. Commit: </Data></EventData></Event><Event><System><Provider Name="IIS AspNetCore Module V2"/><EventID>1032</EventID><Level>4</Level><Task>0</Task><Keywords>Keywords</Keywords><TimeCreated SystemTime="2025-09-24T12:58:45Z"/><EventRecordID>30371875</EventRecordID><Channel>Application</Channel><Computer>10-30-10-76</Computer><Security/></System><EventData><Data>Application 'C:\Program Files (x86)\SiteExtensions\Functions\4.1043.200\32bit\' started successfully.</Data><Data>Process Id: 2376.</Data><Data>File Version: 18.0.25107.16. Description: IIS ASP.NET Core Module V2 Request Handler. Commit: </Data></EventData></Event><Event><System><Provider Name="IIS AspNetCore Module V2"/><EventID>1033</EventID><Level>4</Level><Task>0</Task><Keywords>Keywords</Keywords><TimeCreated SystemTime="2025-09-24T13:02:28Z"/><EventRecordID>30595187</EventRecordID><Channel>Application</Channel><Computer>10-30-10-76</Computer><Security/></System><EventData><Data>Application 'MACHINE/WEBROOT/APPHOST/MAWSFNPLACEHOLDER37_F_V4_NODE_22_X86' has shutdown.</Data><Data>Process Id: 2376.</Data><Data>File Version: 18.0.25107.16. Description: IIS ASP.NET Core Module V2 Request Handler. Commit: </Data></EventData></Event><Event><System><Provider Name="IIS AspNetCore Module V2"/><EventID>1032</EventID><Level>4</Level><Task>0</Task><Keywords>Keywords</Keywords><TimeCreated SystemTime="2025-09-24T13:03:32Z"/><EventRecordID>30658796</EventRecordID><Channel>Application</Channel><Computer>10-30-10-76</Computer><Security/></System><EventData><Data>Application 'C:\Program Files (x86)\SiteExtensions\Functions\4.1043.200\32bit\' started successfully.</Data><Data>Process Id: 6760.</Data><Data>File Version: 18.0.25107.16. Description: IIS ASP.NET Core Module V2 Request Handler. Commit: </Data></EventData></Event><Event><System><Provider Name="IIS AspNetCore Module V2"/><EventID>1033</EventID><Level>4</Level><Task>0</Task><Keywords>Keywords</Keywords><TimeCreated SystemTime="2025-09-24T13:05:46Z"/><EventRecordID>30792843</EventRecordID><Channel>Application</Channel><Computer>10-30-10-76</Computer><Security/></System><EventData><Data>Application 'MACHINE/WEBROOT/APPHOST/MAWSFNPLACEHOLDER37_F_V4_NODE_22_X86' has shutdown.</Data><Data>Process Id: 6760.</Data><Data>File Version: 18.0.25107.16. Description: IIS ASP.NET Core Module V2 Request Handler. Commit: </Data></EventData></Event><Event><System><Provider Name="IIS AspNetCore Module V2"/><EventID>1032</EventID><Level>4</Level><Task>0</Task><Keywords>Keywords</Keywords><TimeCreated SystemTime="2025-09-24T13:06:48Z"/><EventRecordID>30855015</EventRecordID><Channel>Application</Channel><Computer>10-30-10-76</Computer><Security/></System><EventData><Data>Application 'C:\Program Files (x86)\SiteExtensions\Functions\4.1043.200\32bit\' started successfully.</Data><Data>Process Id: 4288.</Data><Data>File Version: 18.0.25107.16. Description: IIS ASP.NET Core Module V2 Request Handler. Commit: </Data></EventData></Event><Event><System><Provider Name="IIS AspNetCore Module V2"/><EventID>1033</EventID><Level>4</Level><Task>0</Task><Keywords>Keywords</Keywords><TimeCreated SystemTime="2025-09-24T13:27:43Z"/><EventRecordID>32109734</EventRecordID><Channel>Application</Channel><Computer>10-30-10-76</Computer><Security/></System><EventData><Data>Application 'MACHINE/WEBROOT/APPHOST/MAWSFNPLACEHOLDER37_F_V4_NODE_22_X86' has shutdown.</Data><Data>Process Id: 4288.</Data><Data>File Version: 18.0.25107.16. Description: IIS ASP.NET Core Module V2 Request Handler. Commit: </Data></EventData></Event><Event><System><Provider Name="IIS AspNetCore Module V2"/><EventID>1033</EventID><Level>4</Level><Task>0</Task><Keywords>Keywords</Keywords><TimeCreated SystemTime="2025-09-24T15:45:49Z"/><EventRecordID>38585671</EventRecordID><Channel>Application</Channel><Computer>10-30-10-70</Computer><Security/></System><EventData><Data>Application 'MACHINE/WEBROOT/APPHOST/MAWSFNPLACEHOLDER50_F_V4_NODE_22_X86' has shutdown.</Data><Data>Process Id: 2348.</Data><Data>File Version: 18.0.25107.16. Description: IIS ASP.NET Core Module V2 Request Handler. Commit: </Data></EventData></Event><Event><System><Provider Name="IIS AspNetCore Module V2"/><EventID>1033</EventID><Level>4</Level><Task>0</Task><Keywords>Keywords</Keywords><TimeCreated SystemTime="2025-09-24T16:19:39Z"/><EventRecordID>120539421</EventRecordID><Channel>Application</Channel><Computer>10-30-13-16</Computer><Security/></System><EventData><Data>Application 'MACHINE/WEBROOT/APPHOST/MAWSFNPLACEHOLDER161_F_V4_NODE_22_X86' has shutdown.</Data><Data>Process Id: 3892.</Data><Data>File Version: 18.0.25107.16. Description: IIS ASP.NET Core Module V2 Request Handler. Commit: </Data></EventData></Event><Event><System><Provider Name="IIS AspNetCore Module V2"/><EventID>1033</EventID><Level>4</Level><Task>0</Task><Keywords>Keywords</Keywords><TimeCreated SystemTime="2025-09-24T16:31:02Z"/><EventRecordID>127331687</EventRecordID><Channel>Application</Channel><Computer>10-30-11-248</Computer><Security/></System><EventData><Data>Application 'MACHINE/WEBROOT/APPHOST/MAWSFNPLACEHOLDER185_F_V4_NODE_22_X86' has shutdown.</Data><Data>Process Id: 6768.</Data><Data>File Version: 18.0.25107.16. Description: IIS ASP.NET Core Module V2 Request Handler. Commit: </Data></EventData></Event><Event><System><Provider Name="IIS AspNetCore Module V2"/><EventID>1032</EventID><Level>4</Level><Task>0</Task><Keywords>Keywords</Keywords><TimeCreated SystemTime="2025-09-24T16:32:06Z"/><EventRecordID>127395953</EventRecordID><Channel>Application</Channel><Computer>10-30-11-248</Computer><Security/></System><EventData><Data>Application 'C:\Program Files (x86)\SiteExtensions\Functions\4.1043.200\32bit\' started successfully.</Data><Data>Process Id: 7972.</Data><Data>File Version: 18.0.25107.16. Description: IIS ASP.NET Core Module V2 Request Handler. Commit: </Data></EventData></Event><Event><System><Provider Name="IIS AspNetCore Module V2"/><EventID>1033</EventID><Level>4</Level><Task>0</Task><Keywords>Keywords</Keywords><TimeCreated SystemTime="2025-09-24T16:41:55Z"/><EventRecordID>37411015</EventRecordID><Channel>Application</Channel><Computer>10-30-12-45</Computer><Security/></System><EventData><Data>Application 'MACHINE/WEBROOT/APPHOST/MAWSFNPLACEHOLDER56_F_V4_NODE_22_X86' has shutdown.</Data><Data>Process Id: 7640.</Data><Data>File Version: 18.0.25107.16. Description: IIS ASP.NET Core Module V2 Request Handler. Commit: </Data></EventData></Event><Event><System><Provider Name="IIS AspNetCore Module V2"/><EventID>1033</EventID><Level>4</Level><Task>0</Task><Keywords>Keywords</Keywords><TimeCreated SystemTime="2025-09-24T16:41:56Z"/><EventRecordID>127986421</EventRecordID><Channel>Application</Channel><Computer>10-30-11-248</Computer><Security/></System><EventData><Data>Application 'MACHINE/WEBROOT/APPHOST/MAWSFNPLACEHOLDER185_F_V4_NODE_22_X86' has shutdown.</Data><Data>Process Id: 7972.</Data><Data>File Version: 18.0.25107.16. Description: IIS ASP.NET Core Module V2 Request Handler. Commit: </Data></EventData></Event><Event><System><Provider Name="IIS AspNetCore Module V2"/><EventID>1033</EventID><Level>4</Level><Task>0</Task><Keywords>Keywords</Keywords><TimeCreated SystemTime="2025-09-24T16:41:57Z"/><EventRecordID>127903171</EventRecordID><Channel>Application</Channel><Computer>10-30-11-250</Computer><Security/></System><EventData><Data>Application 'MACHINE/WEBROOT/APPHOST/MAWSFNPLACEHOLDER186_F_V4_DOTNET-ISOLATED_6.0_X86' has shutdown.</Data><Data>Process Id: 4460.</Data><Data>File Version: 18.0.25107.16. Description: IIS ASP.NET Core Module V2 Request Handler. Commit: </Data></EventData></Event><Event><System><Provider Name="IIS AspNetCore Module V2"/><EventID>1032</EventID><Level>4</Level><Task>0</Task><Keywords>Keywords</Keywords><TimeCreated SystemTime="2025-09-24T16:42:18Z"/><EventRecordID>127923484</EventRecordID><Channel>Application</Channel><Computer>10-30-11-250</Computer><Security/></System><EventData><Data>Application 'C:\Program Files (x86)\SiteExtensions\Functions\4.1043.200\32bit\' started successfully.</Data><Data>Process Id: 6916.</Data><Data>File Version: 18.0.25107.16. Description: IIS ASP.NET Core Module V2 Request Handler. Commit: </Data></EventData></Event><Event><System><Provider Name="IIS AspNetCore Module V2"/><EventID>1032</EventID><Level>4</Level><Task>0</Task><Keywords>Keywords</Keywords><TimeCreated SystemTime="2025-09-24T16:42:59Z"/><EventRecordID>128049171</EventRecordID><Channel>Application</Channel><Computer>10-30-11-248</Computer><Security/></System><EventData><Data>Application 'C:\Program Files (x86)\SiteExtensions\Functions\4.1043.200\32bit\' started successfully.</Data><Data>Process Id: 4604.</Data><Data>File Version: 18.0.25107.16. Description: IIS ASP.NET Core Module V2 Request Handler. Commit: </Data></EventData></Event><Event><System><Provider Name="IIS AspNetCore Module V2"/><EventID>1032</EventID><Level>4</Level><Task>0</Task><Keywords>Keywords</Keywords><TimeCreated SystemTime="2025-09-24T16:44:05Z"/><EventRecordID>37540921</EventRecordID><Channel>Application</Channel><Computer>10-30-12-45</Computer><Security/></System><EventData><Data>Application 'C:\Program Files (x86)\SiteExtensions\Functions\4.1043.200\32bit\' started successfully.</Data><Data>Process Id: 6848.</Data><Data>File Version: 18.0.25107.16. Description: IIS ASP.NET Core Module V2 Request Handler. Commit: </Data></EventData></Event><Event><System><Provider Name="IIS AspNetCore Module V2"/><EventID>1033</EventID><Level>4</Level><Task>0</Task><Keywords>Keywords</Keywords><TimeCreated SystemTime="2025-09-24T16:47:24Z"/><EventRecordID>128229421</EventRecordID><Channel>Application</Channel><Computer>10-30-11-250</Computer><Security/></System><EventData><Data>Application 'MACHINE/WEBROOT/APPHOST/MAWSFNPLACEHOLDER186_F_V4_DOTNET-ISOLATED_6.0_X86' has shutdown.</Data><Data>Process Id: 6916.</Data><Data>File Version: 18.0.25107.16. Description: IIS ASP.NET Core Module V2 Request Handler. Commit: </Data></EventData></Event><Event><System><Provider Name="IIS AspNetCore Module V2"/><EventID>1033</EventID><Level>4</Level><Task>0</Task><Keywords>Keywords</Keywords><TimeCreated SystemTime="2025-09-24T16:47:36Z"/><EventRecordID>37751703</EventRecordID><Channel>Application</Channel><Computer>10-30-12-45</Computer><Security/></System><EventData><Data>Application 'MACHINE/WEBROOT/APPHOST/MAWSFNPLACEHOLDER56_F_V4_NODE_22_X86' has shutdown.</Data><Data>Process Id: 6848.</Data><Data>File Version: 18.0.25107.16. Description: IIS ASP.NET Core Module V2 Request Handler. Commit: </Data></EventData></Event><Event><System><Provider Name="IIS AspNetCore Module V2"/><EventID>1033</EventID><Level>4</Level><Task>0</Task><Keywords>Keywords</Keywords><TimeCreated SystemTime="2025-09-24T16:48:39Z"/><EventRecordID>128388703</EventRecordID><Channel>Application</Channel><Computer>10-30-11-248</Computer><Security/></System><EventData><Data>Application 'MACHINE/WEBROOT/APPHOST/MAWSFNPLACEHOLDER185_F_V4_NODE_22_X86' has shutdown.</Data><Data>Process Id: 4604.</Data><Data>File Version: 18.0.25107.16. Description: IIS ASP.NET Core Module V2 Request Handler. Commit: </Data></EventData></Event><Event><System><Provider Name="IIS AspNetCore Module V2"/><EventID>1033</EventID><Level>4</Level><Task>0</Task><Keywords>Keywords</Keywords><TimeCreated SystemTime="2025-09-24T16:48:40Z"/><EventRecordID>115126375</EventRecordID><Channel>Application</Channel><Computer>10-30-10-0</Computer><Security/></System><EventData><Data>Application 'MACHINE/WEBROOT/APPHOST/MAWSFNPLACEHOLDER173_F_V4_DOTNET-ISOLATED_8.0_X86' has shutdown.</Data><Data>Process Id: 3260.</Data><Data>File Version: 18.0.25107.16. Description: IIS ASP.NET Core Module V2 Request Handler. Commit: </Data></EventData></Event><Event><System><Provider Name="IIS AspNetCore Module V2"/><EventID>1032</EventID><Level>4</Level><Task>0</Task><Keywords>Keywords</Keywords><TimeCreated SystemTime="2025-09-24T16:48:50Z"/><EventRecordID>115136750</EventRecordID><Channel>Application</Channel><Computer>10-30-10-0</Computer><Security/></System><EventData><Data>Application 'C:\Program Files (x86)\SiteExtensions\Functions\4.1043.200\32bit\' started successfully.</Data><Data>Process Id: 4228.</Data><Data>File Version: 18.0.25107.16. Description: IIS ASP.NET Core Module V2 Request Handler. Commit: </Data></EventData></Event><Event><System><Provider Name="IIS AspNetCore Module V2"/><EventID>1033</EventID><Level>4</Level><Task>0</Task><Keywords>Keywords</Keywords><TimeCreated SystemTime="2025-09-24T16:49:47Z"/><EventRecordID>115193750</EventRecordID><Channel>Application</Channel><Computer>10-30-10-0</Computer><Security/></System><EventData><Data>Application 'MACHINE/WEBROOT/APPHOST/MAWSFNPLACEHOLDER173_F_V4_DOTNET-ISOLATED_8.0_X86' has shutdown.</Data><Data>Process Id: 4228.</Data><Data>File Version: 18.0.25107.16. Description: IIS ASP.NET Core Module V2 Request Handler. Commit: </Data></EventData></Event><Event><System><Provider Name="IIS AspNetCore Module V2"/><EventID>1032</EventID><Level>4</Level><Task>0</Task><Keywords>Keywords</Keywords><TimeCreated SystemTime="2025-09-24T16:49:59Z"/><EventRecordID>115205750</EventRecordID><Channel>Application</Channel><Computer>10-30-10-0</Computer><Security/></System><EventData><Data>Application 'C:\Program Files (x86)\SiteExtensions\Functions\4.1043.200\32bit\' started successfully.</Data><Data>Process Id: 5988.</Data><Data>File Version: 18.0.25107.16. Description: IIS ASP.NET Core Module V2 Request Handler. Commit: </Data></EventData></Event><Event><System><Provider Name="IIS AspNetCore Module V2"/><EventID>1032</EventID><Level>4</Level><Task>0</Task><Keywords>Keywords</Keywords><TimeCreated SystemTime="2025-09-24T16:50:51Z"/><EventRecordID>45617468</EventRecordID><Channel>Application</Channel><Computer>10-30-1-167</Computer><Security/></System><EventData><Data>Application 'C:\Program Files (x86)\SiteExtensions\Functions\4.1043.200\32bit\' started successfully.</Data><Data>Process Id: 2376.</Data><Data>File Version: 18.0.25107.16. Description: IIS ASP.NET Core Module V2 Request Handler. Commit: </Data></EventData></Event><Event><System><Provider Name="ZipFS"/><EventID>0</EventID><Level>1</Level><Task>0</Task><Keywords>Keywords</Keywords><TimeCreated SystemTime="2025-09-24T16:51:00Z"/><EventRecordID>128530375</EventRecordID><Channel>Application</Channel><Computer>10-30-11-248</Computer><Security/></System><EventData><Data>Site is using stale zip. Refresh Zip initiating a recycle of the worker process.</Data></EventData></Event><Event><System><Provider Name="IIS AspNetCore Module V2"/><EventID>1033</EventID><Level>4</Level><Task>0</Task><Keywords>Keywords</Keywords><TimeCreated SystemTime="2025-09-24T16:52:02Z"/><EventRecordID>128591796</EventRecordID><Channel>Application</Channel><Computer>10-30-11-248</Computer><Security/></System><EventData><Data>Application 'MACHINE/WEBROOT/APPHOST/MAWSFNPLACEHOLDER188_F_V4_NODE_22_X86' has shutdown.</Data><Data>Process Id: 3428.</Data><Data>File Version: 18.0.25107.16. Description: IIS ASP.NET Core Module V2 Request Handler. Commit: </Data></EventData></Event><Event><System><Provider Name="IIS AspNetCore Module V2"/><EventID>1033</EventID><Level>4</Level><Task>0</Task><Keywords>Keywords</Keywords><TimeCreated SystemTime="2025-09-24T17:00:40Z"/><EventRecordID>115847093</EventRecordID><Channel>Application</Channel><Computer>10-30-10-0</Computer><Security/></System><EventData><Data>Application 'MACHINE/WEBROOT/APPHOST/MAWSFNPLACEHOLDER173_F_V4_DOTNET-ISOLATED_8.0_X86' has shutdown.</Data><Data>Process Id: 5988.</Data><Data>File Version: 18.0.25107.16. Description: IIS ASP.NET Core Module V2 Request Handler. Commit: </Data></EventData></Event><Event><System><Provider Name="IIS AspNetCore Module V2"/><EventID>1033</EventID><Level>4</Level><Task>0</Task><Keywords>Keywords</Keywords><TimeCreated SystemTime="2025-09-24T17:11:46Z"/><EventRecordID>46871937</EventRecordID><Channel>Application</Channel><Computer>10-30-1-167</Computer><Security/></System><EventData><Data>Application 'MACHINE/WEBROOT/APPHOST/PODCAST-GEN-API' has shutdown.</Data><Data>Process Id: 2376.</Data><Data>File Version: 18.0.25107.16. Description: IIS ASP.NET Core Module V2 Request Handler. Commit: </Data></EventData></Event><Event><System><Provider Name="IIS AspNetCore Module V2"/><EventID>1033</EventID><Level>4</Level><Task>0</Task><Keywords>Keywords</Keywords><TimeCreated SystemTime="2025-09-24T19:31:37Z"/><EventRecordID>117207718</EventRecordID><Channel>Application</Channel><Computer>10-30-0-194</Computer><Security/></System><EventData><Data>Application 'MACHINE/WEBROOT/APPHOST/MAWSFNPLACEHOLDER155_F_V4_NODE_22_X86' has shutdown.</Data><Data>Process Id: 4288.</Data><Data>File Version: 18.0.25107.16. Description: IIS ASP.NET Core Module V2 Request Handler. Commit: </Data></EventData></Event><Event><System><Provider Name="IIS AspNetCore Module V2"/><EventID>1032</EventID><Level>4</Level><Task>0</Task><Keywords>Keywords</Keywords><TimeCreated SystemTime="2025-09-24T19:32:40Z"/><EventRecordID>117270953</EventRecordID><Channel>Application</Channel><Computer>10-30-0-194</Computer><Security/></System><EventData><Data>Application 'C:\Program Files (x86)\SiteExtensions\Functions\4.1043.200\32bit\' started successfully.</Data><Data>Process Id: 3408.</Data><Data>File Version: 18.0.25107.16. Description: IIS ASP.NET Core Module V2 Request Handler. Commit: </Data></EventData></Event><Event><System><Provider Name="ZipFS"/><EventID>0</EventID><Level>1</Level><Task>0</Task><Keywords>Keywords</Keywords><TimeCreated SystemTime="2025-09-24T19:33:02Z"/><EventRecordID>117292640</EventRecordID><Channel>Application</Channel><Computer>10-30-0-194</Computer><Security/></System><EventData><Data>Site is using stale zip. Refresh Zip initiating a recycle of the worker process.</Data></EventData></Event><Event><System><Provider Name="IIS AspNetCore Module V2"/><EventID>1033</EventID><Level>4</Level><Task>0</Task><Keywords>Keywords</Keywords><TimeCreated SystemTime="2025-09-24T19:33:47Z"/><EventRecordID>117338000</EventRecordID><Channel>Application</Channel><Computer>10-30-0-194</Computer><Security/></System><EventData><Data>Application 'MACHINE/WEBROOT/APPHOST/MAWSFNPLACEHOLDER155_F_V4_NODE_22_X86' has shutdown.</Data><Data>Process Id: 3408.</Data><Data>File Version: 18.0.25107.16. Description: IIS ASP.NET Core Module V2 Request Handler. Commit: </Data></EventData></Event><Event><System><Provider Name="IIS AspNetCore Module V2"/><EventID>1032</EventID><Level>4</Level><Task>0</Task><Keywords>Keywords</Keywords><TimeCreated SystemTime="2025-09-24T19:33:58Z"/><EventRecordID>117348765</EventRecordID><Channel>Application</Channel><Computer>10-30-0-194</Computer><Security/></System><EventData><Data>Application 'C:\Program Files (x86)\SiteExtensions\Functions\4.1043.200\32bit\' started successfully.</Data><Data>Process Id: 6204.</Data><Data>File Version: 18.0.25107.16. Description: IIS ASP.NET Core Module V2 Request Handler. Commit: </Data></EventData></Event><Event><System><Provider Name="IIS AspNetCore Module V2"/><EventID>1033</EventID><Level>4</Level><Task>0</Task><Keywords>Keywords</Keywords><TimeCreated SystemTime="2025-09-24T19:35:02Z"/><EventRecordID>117412750</EventRecordID><Channel>Application</Channel><Computer>10-30-0-194</Computer><Security/></System><EventData><Data>Application 'MACHINE/WEBROOT/APPHOST/MAWSFNPLACEHOLDER155_F_V4_NODE_22_X86' has shutdown.</Data><Data>Process Id: 6204.</Data><Data>File Version: 18.0.25107.16. Description: IIS ASP.NET Core Module V2 Request Handler. Commit: </Data></EventData></Event><Event><System><Provider Name="IIS AspNetCore Module V2"/><EventID>1032</EventID><Level>4</Level><Task>0</Task><Keywords>Keywords</Keywords><TimeCreated SystemTime="2025-09-24T19:36:00Z"/><EventRecordID>117470875</EventRecordID><Channel>Application</Channel><Computer>10-30-0-194</Computer><Security/></System><EventData><Data>Application 'C:\Program Files (x86)\SiteExtensions\Functions\4.1043.200\32bit\' started successfully.</Data><Data>Process Id: 6112.</Data><Data>File Version: 18.0.25107.16. Description: IIS ASP.NET Core Module V2 Request Handler. Commit: </Data></EventData></Event><Event><System><Provider Name="ZipFS"/><EventID>0</EventID><Level>1</Level><Task>0</Task><Keywords>Keywords</Keywords><TimeCreated SystemTime="2025-09-24T19:37:06Z"/><EventRecordID>117536468</EventRecordID><Channel>Application</Channel><Computer>10-30-0-194</Computer><Security/></System><EventData><Data>Site is using stale zip. Refresh Zip initiating a recycle of the worker process.</Data></EventData></Event><Event><System><Provider Name="IIS AspNetCore Module V2"/><EventID>1033</EventID><Level>4</Level><Task>0</Task><Keywords>Keywords</Keywords><TimeCreated SystemTime="2025-09-24T19:37:56Z"/><EventRecordID>117586796</EventRecordID><Channel>Application</Channel><Computer>10-30-0-194</Computer><Security/></System><EventData><Data>Application 'MACHINE/WEBROOT/APPHOST/MAWSFNPLACEHOLDER155_F_V4_NODE_22_X86' has shutdown.</Data><Data>Process Id: 6112.</Data><Data>File Version: 18.0.25107.16. Description: IIS ASP.NET Core Module V2 Request Handler. Commit: </Data></EventData></Event><Event><System><Provider Name="IIS AspNetCore Module V2"/><EventID>1032</EventID><Level>4</Level><Task>0</Task><Keywords>Keywords</Keywords><TimeCreated SystemTime="2025-09-24T19:38:06Z"/><EventRecordID>117596468</EventRecordID><Channel>Application</Channel><Computer>10-30-0-194</Computer><Security/></System><EventData><Data>Application 'C:\Program Files (x86)\SiteExtensions\Functions\4.1043.200\32bit\' started successfully.</Data><Data>Process Id: 6888.</Data><Data>File Version: 18.0.25107.16. Description: IIS ASP.NET Core Module V2 Request Handler. Commit: </Data></EventData></Event><Event><System><Provider Name="IIS AspNetCore Module V2"/><EventID>1033</EventID><Level>4</Level><Task>0</Task><Keywords>Keywords</Keywords><TimeCreated SystemTime="2025-09-24T19:40:59Z"/><EventRecordID>117769828</EventRecordID><Channel>Application</Channel><Computer>10-30-0-194</Computer><Security/></System><EventData><Data>Application 'MACHINE/WEBROOT/APPHOST/MAWSFNPLACEHOLDER155_F_V4_NODE_22_X86' has shutdown.</Data><Data>Process Id: 6888.</Data><Data>File Version: 18.0.25107.16. Description: IIS ASP.NET Core Module V2 Request Handler. Commit: </Data></EventData></Event><Event><System><Provider Name="IIS AspNetCore Module V2"/><EventID>1032</EventID><Level>4</Level><Task>0</Task><Keywords>Keywords</Keywords><TimeCreated SystemTime="2025-09-24T19:41:13Z"/><EventRecordID>117783906</EventRecordID><Channel>Application</Channel><Computer>10-30-0-194</Computer><Security/></System><EventData><Data>Application 'C:\Program Files (x86)\SiteExtensions\Functions\4.1043.200\32bit\' started successfully.</Data><Data>Process Id: 3476.</Data><Data>File Version: 18.0.25107.16. Description: IIS ASP.NET Core Module V2 Request Handler. Commit: </Data></EventData></Event><Event><System><Provider Name="IIS AspNetCore Module V2"/><EventID>1033</EventID><Level>4</Level><Task>0</Task><Keywords>Keywords</Keywords><TimeCreated SystemTime="2025-09-24T20:31:43Z"/><EventRecordID>120814375</EventRecordID><Channel>Application</Channel><Computer>10-30-0-194</Computer><Security/></System><EventData><Data>Application 'MACHINE/WEBROOT/APPHOST/MAWSFNPLACEHOLDER155_F_V4_NODE_22_X86' has shutdown.</Data><Data>Process Id: 3476.</Data><Data>File Version: 18.0.25107.16. Description: IIS ASP.NET Core Module V2 Request Handler. Commit: </Data></EventData></Event><Event><System><Provider Name="IIS AspNetCore Module V2"/><EventID>1032</EventID><Level>4</Level><Task>0</Task><Keywords>Keywords</Keywords><TimeCreated SystemTime="2025-09-24T20:31:56Z"/><EventRecordID>120826984</EventRecordID><Channel>Application</Channel><Computer>10-30-0-194</Computer><Security/></System><EventData><Data>Application 'C:\Program Files (x86)\SiteExtensions\Functions\4.1043.200\32bit\' started successfully.</Data><Data>Process Id: 5864.</Data><Data>File Version: 18.0.25107.16. Description: IIS ASP.NET Core Module V2 Request Handler. Commit: </Data></EventData></Event><Event><System><Provider Name="IIS AspNetCore Module V2"/><EventID>1033</EventID><Level>4</Level><Task>0</Task><Keywords>Keywords</Keywords><TimeCreated SystemTime="2025-09-24T20:35:44Z"/><EventRecordID>121054656</EventRecordID><Channel>Application</Channel><Computer>10-30-0-194</Computer><Security/></System><EventData><Data>Application 'MACHINE/WEBROOT/APPHOST/MAWSFNPLACEHOLDER155_F_V4_NODE_22_X86' has shutdown.</Data><Data>Process Id: 5864.</Data><Data>File Version: 18.0.25107.16. Description: IIS ASP.NET Core Module V2 Request Handler. Commit: </Data></EventData></Event><Event><System><Provider Name="IIS AspNetCore Module V2"/><EventID>1033</EventID><Level>4</Level><Task>0</Task><Keywords>Keywords</Keywords><TimeCreated SystemTime="2025-09-24T21:21:09Z"/><EventRecordID>52376312</EventRecordID><Channel>Application</Channel><Computer>10-30-1-242</Computer><Security/></System><EventData><Data>Application 'MACHINE/WEBROOT/APPHOST/MAWSFNPLACEHOLDER60_F_V4_NODE_22_X86' has shutdown.</Data><Data>Process Id: 3092.</Data><Data>File Version: 18.0.25107.16. Description: IIS ASP.NET Core Module V2 Request Handler. Commit: </Data></EventData></Event><Event><System><Provider Name="IIS AspNetCore Module V2"/><EventID>1033</EventID><Level>4</Level><Task>0</Task><Keywords>Keywords</Keywords><TimeCreated SystemTime="2025-09-24T22:16:27Z"/><EventRecordID>64244140</EventRecordID><Channel>Application</Channel><Computer>10-30-1-149</Computer><Security/></System><EventData><Data>Application 'MACHINE/WEBROOT/APPHOST/MAWSFNPLACEHOLDER82_F_V4_NODE_22_X86' has shutdown.</Data><Data>Process Id: 1704.</Data><Data>File Version: 18.0.25107.16. Description: IIS ASP.NET Core Module V2 Request Handler. Commit: </Data></EventData></Event><Event><System><Provider Name="IIS AspNetCore Module V2"/><EventID>1033</EventID><Level>4</Level><Task>0</Task><Keywords>Keywords</Keywords><TimeCreated SystemTime="2025-09-24T23:04:26Z"/><EventRecordID>140242578</EventRecordID><Channel>Application</Channel><Computer>10-30-10-188</Computer><Security/></System><EventData><Data>Application 'MACHINE/WEBROOT/APPHOST/MAWSFNPLACEHOLDER188_F_V4_NODE_22_X86' has shutdown.</Data><Data>Process Id: 2888.</Data><Data>File Version: 18.0.25107.16. Description: IIS ASP.NET Core Module V2 Request Handler. Commit: </Data></EventData></Event><Event><System><Provider Name="IIS AspNetCore Module V2"/><EventID>1033</EventID><Level>4</Level><Task>0</Task><Keywords>Keywords</Keywords><TimeCreated SystemTime="2025-09-24T23:51:09Z"/><EventRecordID>151595203</EventRecordID><Channel>Application</Channel><Computer>10-30-12-116</Computer><Security/></System><EventData><Data>Application 'MACHINE/WEBROOT/APPHOST/MAWSFNPLACEHOLDER199_F_V4_NODE_22_X86' has shutdown.</Data><Data>Process Id: 5256.</Data><Data>File Version: 18.0.25107.16. Description: IIS ASP.NET Core Module V2 Request Handler. Commit: </Data></EventData></Event><Event><System><Provider Name="IIS AspNetCore Module V2"/><EventID>1033</EventID><Level>4</Level><Task>0</Task><Keywords>Keywords</Keywords><TimeCreated SystemTime="2025-09-25T00:29:34Z"/><EventRecordID>66431656</EventRecordID><Channel>Application</Channel><Computer>10-30-1-29</Computer><Security/></System><EventData><Data>Application 'MACHINE/WEBROOT/APPHOST/MAWSFNPLACEHOLDER85_F_V4_NODE_22_X86' has shutdown.</Data><Data>Process Id: 5080.</Data><Data>File Version: 18.0.25107.16. Description: IIS ASP.NET Core Module V2 Request Handler. Commit: </Data></EventData></Event><Event><System><Provider Name="IIS AspNetCore Module V2"/><EventID>1033</EventID><Level>4</Level><Task>0</Task><Keywords>Keywords</Keywords><TimeCreated SystemTime="2025-09-25T00:57:22Z"/><EventRecordID>73057625</EventRecordID><Channel>Application</Channel><Computer>10-30-1-147</Computer><Security/></System><EventData><Data>Application 'MACHINE/WEBROOT/APPHOST/MAWSFNPLACEHOLDER111_F_V4_NODE_22_X86' has shutdown.</Data><Data>Process Id: 7712.</Data><Data>File Version: 18.0.25107.16. Description: IIS ASP.NET Core Module V2 Request Handler. Commit: </Data></EventData></Event><Event><System><Provider Name="IIS AspNetCore Module V2"/><EventID>1033</EventID><Level>4</Level><Task>0</Task><Keywords>Keywords</Keywords><TimeCreated SystemTime="2025-09-25T01:40:25Z"/><EventRecordID>162360515</EventRecordID><Channel>Application</Channel><Computer>10-30-11-253</Computer><Security/></System><EventData><Data>Application 'MACHINE/WEBROOT/APPHOST/MAWSFNPLACEHOLDER219_F_V4_NODE_22_X86' has shutdown.</Data><Data>Process Id: 4864.</Data><Data>File Version: 18.0.25107.16. Description: IIS ASP.NET Core Module V2 Request Handler. Commit: </Data></EventData></Event><Event><System><Provider Name="IIS AspNetCore Module V2"/><EventID>1032</EventID><Level>4</Level><Task>0</Task><Keywords>Keywords</Keywords><TimeCreated SystemTime="2025-09-25T01:40:32Z"/><EventRecordID>162367937</EventRecordID><Channel>Application</Channel><Computer>10-30-11-253</Computer><Security/></System><EventData><Data>Application 'C:\Program Files (x86)\SiteExtensions\Functions\4.1043.200\32bit\' started successfully.</Data><Data>Process Id: 2240.</Data><Data>File Version: 18.0.25107.16. Description: IIS ASP.NET Core Module V2 Request Handler. Commit: </Data></EventData></Event><Event><System><Provider Name="IIS AspNetCore Module V2"/><EventID>1033</EventID><Level>4</Level><Task>0</Task><Keywords>Keywords</Keywords><TimeCreated SystemTime="2025-09-25T01:41:00Z"/><EventRecordID>162395140</EventRecordID><Channel>Application</Channel><Computer>10-30-11-253</Computer><Security/></System><EventData><Data>Application 'MACHINE/WEBROOT/APPHOST/MAWSFNPLACEHOLDER219_F_V4_NODE_22_X86' has shutdown.</Data><Data>Process Id: 2240.</Data><Data>File Version: 18.0.25107.16. Description: IIS ASP.NET Core Module V2 Request Handler. Commit: </Data></EventData></Event><Event><System><Provider Name="IIS AspNetCore Module V2"/><EventID>1032</EventID><Level>4</Level><Task>0</Task><Keywords>Keywords</Keywords><TimeCreated SystemTime="2025-09-25T01:41:16Z"/><EventRecordID>162411781</EventRecordID><Channel>Application</Channel><Computer>10-30-11-253</Computer><Security/></System><EventData><Data>Application 'C:\Program Files (x86)\SiteExtensions\Functions\4.1043.200\32bit\' started successfully.</Data><Data>Process Id: 7224.</Data><Data>File Version: 18.0.25107.16. Description: IIS ASP.NET Core Module V2 Request Handler. Commit: </Data></EventData></Event><Event><System><Provider Name="ZipFS"/><EventID>0</EventID><Level>1</Level><Task>0</Task><Keywords>Keywords</Keywords><TimeCreated SystemTime="2025-09-25T01:42:07Z"/><EventRecordID>162463000</EventRecordID><Channel>Application</Channel><Computer>10-30-11-253</Computer><Security/></System><EventData><Data>Site is using stale zip. Refresh Zip initiating a recycle of the worker process.</Data></EventData></Event><Event><System><Provider Name="IIS AspNetCore Module V2"/><EventID>1033</EventID><Level>4</Level><Task>0</Task><Keywords>Keywords</Keywords><TimeCreated SystemTime="2025-09-25T01:47:03Z"/><EventRecordID>162758406</EventRecordID><Channel>Application</Channel><Computer>10-30-11-253</Computer><Security/></System><EventData><Data>Application 'MACHINE/WEBROOT/APPHOST/MAWSFNPLACEHOLDER219_F_V4_NODE_22_X86' has shutdown.</Data><Data>Process Id: 7224.</Data><Data>File Version: 18.0.25107.16. Description: IIS ASP.NET Core Module V2 Request Handler. Commit: </Data></EventData></Event><Event><System><Provider Name="IIS AspNetCore Module V2"/><EventID>1032</EventID><Level>4</Level><Task>0</Task><Keywords>Keywords</Keywords><TimeCreated SystemTime="2025-09-25T01:48:30Z"/><EventRecordID>162845296</EventRecordID><Channel>Application</Channel><Computer>10-30-11-253</Computer><Security/></System><EventData><Data>Application 'C:\Program Files (x86)\SiteExtensions\Functions\4.1043.200\32bit\' started successfully.</Data><Data>Process Id: 7904.</Data><Data>File Version: 18.0.25107.16. Description: IIS ASP.NET Core Module V2 Request Handler. Commit: </Data></EventData></Event><Event><System><Provider Name="IIS AspNetCore Module V2"/><EventID>1033</EventID><Level>4</Level><Task>0</Task><Keywords>Keywords</Keywords><TimeCreated SystemTime="2025-09-25T01:53:06Z"/><EventRecordID>163121343</EventRecordID><Channel>Application</Channel><Computer>10-30-11-253</Computer><Security/></System><EventData><Data>Application 'MACHINE/WEBROOT/APPHOST/MAWSFNPLACEHOLDER219_F_V4_NODE_22_X86' has shutdown.</Data><Data>Process Id: 7904.</Data><Data>File Version: 18.0.25107.16. Description: IIS ASP.NET Core Module V2 Request Handler. Commit: </Data></EventData></Event><Event><System><Provider Name="IIS AspNetCore Module V2"/><EventID>1033</EventID><Level>4</Level><Task>0</Task><Keywords>Keywords</Keywords><TimeCreated SystemTime="2025-09-25T02:19:11Z"/><EventRecordID>164686875</EventRecordID><Channel>Application</Channel><Computer>10-30-11-253</Computer><Security/></System><EventData><Data>Application 'MACHINE/WEBROOT/APPHOST/MAWSFNPLACEHOLDER222_F_V4_NODE_22_X86' has shutdown.</Data><Data>Process Id: 7188.</Data><Data>File Version: 18.0.25107.16. Description: IIS ASP.NET Core Module V2 Request Handler. Commit: </Data></EventData></Event><Event><System><Provider Name="IIS AspNetCore Module V2"/><EventID>1032</EventID><Level>4</Level><Task>0</Task><Keywords>Keywords</Keywords><TimeCreated SystemTime="2025-09-25T02:19:19Z"/><EventRecordID>164694437</EventRecordID><Channel>Application</Channel><Computer>10-30-11-253</Computer><Security/></System><EventData><Data>Application 'C:\Program Files (x86)\SiteExtensions\Functions\4.1043.200\32bit\' started successfully.</Data><Data>Process Id: 6760.</Data><Data>File Version: 18.0.25107.16. Description: IIS ASP.NET Core Module V2 Request Handler. Commit: </Data></EventData></Event><Event><System><Provider Name="IIS AspNetCore Module V2"/><EventID>1033</EventID><Level>4</Level><Task>0</Task><Keywords>Keywords</Keywords><TimeCreated SystemTime="2025-09-25T02:21:13Z"/><EventRecordID>164808484</EventRecordID><Channel>Application</Channel><Computer>10-30-11-253</Computer><Security/></System><EventData><Data>Application 'MACHINE/WEBROOT/APPHOST/MAWSFNPLACEHOLDER222_F_V4_NODE_22_X86' has shutdown.</Data><Data>Process Id: 6760.</Data><Data>File Version: 18.0.25107.16. Description: IIS ASP.NET Core Module V2 Request Handler. Commit: </Data></EventData></Event><Event><System><Provider Name="IIS AspNetCore Module V2"/><EventID>1032</EventID><Level>4</Level><Task>0</Task><Keywords>Keywords</Keywords><TimeCreated SystemTime="2025-09-25T02:21:31Z"/><EventRecordID>164826484</EventRecordID><Channel>Application</Channel><Computer>10-30-11-253</Computer><Security/></System><EventData><Data>Application 'C:\Program Files (x86)\SiteExtensions\Functions\4.1043.200\32bit\' started successfully.</Data><Data>Process Id: 5916.</Data><Data>File Version: 18.0.25107.16. Description: IIS ASP.NET Core Module V2 Request Handler. Commit: </Data></EventData></Event><Event><System><Provider Name="IIS AspNetCore Module V2"/><EventID>1033</EventID><Level>4</Level><Task>0</Task><Keywords>Keywords</Keywords><TimeCreated SystemTime="2025-09-25T02:26:23Z"/><EventRecordID>165118796</EventRecordID><Channel>Application</Channel><Computer>10-30-11-253</Computer><Security/></System><EventData><Data>Application 'MACHINE/WEBROOT/APPHOST/MAWSFNPLACEHOLDER222_F_V4_NODE_22_X86' has shutdown.</Data><Data>Process Id: 5916.</Data><Data>File Version: 18.0.25107.16. Description: IIS ASP.NET Core Module V2 Request Handler. Commit: </Data></EventData></Event><Event><System><Provider Name="IIS AspNetCore Module V2"/><EventID>1032</EventID><Level>4</Level><Task>0</Task><Keywords>Keywords</Keywords><TimeCreated SystemTime="2025-09-25T02:27:03Z"/><EventRecordID>165159031</EventRecordID><Channel>Application</Channel><Computer>10-30-11-253</Computer><Security/></System><EventData><Data>Application 'C:\Program Files (x86)\SiteExtensions\Functions\4.1043.200\32bit\' started successfully.</Data><Data>Process Id: 3432.</Data><Data>File Version: 18.0.25107.16. Description: IIS ASP.NET Core Module V2 Request Handler. Commit: </Data></EventData></Event><Event><System><Provider Name="IIS AspNetCore Module V2"/><EventID>1033</EventID><Level>4</Level><Task>0</Task><Keywords>Keywords</Keywords><TimeCreated SystemTime="2025-09-25T02:43:44Z"/><EventRecordID>166159890</EventRecordID><Channel>Application</Channel><Computer>10-30-11-253</Computer><Security/></System><EventData><Data>Application 'MACHINE/WEBROOT/APPHOST/MAWSFNPLACEHOLDER222_F_V4_NODE_22_X86' has shutdown.</Data><Data>Process Id: 3432.</Data><Data>File Version: 18.0.25107.16. Description: IIS ASP.NET Core Module V2 Request Handler. Commit: </Data></EventData></Event><Event><System><Provider Name="ZipFS"/><EventID>0</EventID><Level>1</Level><Task>0</Task><Keywords>Keywords</Keywords><TimeCreated SystemTime="2025-09-25T02:45:55Z"/><EventRecordID>78271437</EventRecordID><Channel>Application</Channel><Computer>10-30-10-74</Computer><Security/></System><EventData><Data>Site is using stale zip. Refresh Zip initiating a recycle of the worker process.</Data></EventData></Event><Event><System><Provider Name="IIS AspNetCore Module V2"/><EventID>1033</EventID><Level>4</Level><Task>0</Task><Keywords>Keywords</Keywords><TimeCreated SystemTime="2025-09-25T02:50:14Z"/><EventRecordID>78529812</EventRecordID><Channel>Application</Channel><Computer>10-30-10-74</Computer><Security/></System><EventData><Data>Application 'MACHINE/WEBROOT/APPHOST/MAWSFNPLACEHOLDER106_F_V4_NODE_22_X86' has shutdown.</Data><Data>Process Id: 6932.</Data><Data>File Version: 18.0.25107.16. Description: IIS ASP.NET Core Module V2 Request Handler. Commit: </Data></EventData></Event><Event><System><Provider Name="IIS AspNetCore Module V2"/><EventID>1032</EventID><Level>4</Level><Task>0</Task><Keywords>Keywords</Keywords><TimeCreated SystemTime="2025-09-25T02:50:36Z"/><EventRecordID>78552437</EventRecordID><Channel>Application</Channel><Computer>10-30-10-74</Computer><Security/></System><EventData><Data>Application 'C:\Program Files (x86)\SiteExtensions\Functions\4.1043.200\32bit\' started successfully.</Data><Data>Process Id: 3568.</Data><Data>File Version: 18.0.25107.16. Description: IIS ASP.NET Core Module V2 Request Handler. Commit: </Data></EventData></Event></Events>