{
  "version": "2.0",
  "logging": {
    "applicationInsights": {
      "samplingSettings": {
        "isEnabled": true,
        "excludedTypes": "Request"
      }
    }
  },
  "extensionBundle": {
    "id": "Microsoft.Azure.Functions.ExtensionBundle",
    "version": "[4.*, 5.0.0)"
  },
  "functionTimeout": "00:09:00",
  "http": {
    "routePrefix": "api",
    "maxOutstandingRequests": 200,
    "maxConcurrentRequests": 100,
    "dynamicThrottlesEnabled": true
  },
  "retry": {
    "strategy": "exponentialBackoff",
    "maxRetryCount": 3,
    "minimumInterval": "00:00:02",
    "maximumInterval": "00:00:30"
  }
}
